﻿{
	"a":      "啊啊呵醃嗄錒",
	"ai":     "愛唉挨礙哀矮埃哎艾癌隘藹噯皚靄捱曖璦砈鑀嬡",
	"an":     "安按案暗岸氨俺銨胺鞍黯庵桉諳鵪犴廣廠埯揞",
	"ang":    "昂骯盎仰",
	"ao":     "傲熬凹遨嗷奧拗澳襖懊坳敖翱螯鰲鏖岙媼鏊驁艹聱獒廒",
	"ba":     "把八吧巴爸罷拔霸壩叭芭扒跋疤靶耙粑笆鈀伯茇菝灞岜鮁捌魃",
	"bai":    "白百擺敗拜柏唄掰伯稗捭佰",
	"ban":    "辦般半班板伴版搬斑扮頒瓣拌扳絆坂阪舨瘢鈑癍",
	"bang":   "幫邦膀棒傍榜綁梆磅蚌旁鎊謗浜蒡彭",
	"bao":    "保報包胞寶暴抱薄剝炮爆飽堡孢豹瀑刨鮑苞雹葆曝褒鴇褓煲齙趵勹",
	"bei":    "被北備背倍悲貝杯輩臂卑碑唄狽憊鋇悖孛蓓焙陂碚褙勃鞴鐾庳鵯邶",
	"ben":    "本奔笨苯賁坌夯畚錛",
	"beng":   "崩蹦繃不用迸泵嘣甏蚌",
	"bi":     "比必筆畢避壁秘閉鼻幣彼逼辟臂泌碧弊蔽鄙斃弼痺庇陛璧婢敝匕俾裨荸吡嗶蓖賁襞鉍秕毖愎髀篦睥畀妣篳薜萆芘蓽潷濞蹕嬖狴箅舭佛拂",
	"bian":   "變便邊遍編辯辨鞭扁貶辮蝙匾卞鯿汴砭弁苄碥忭煸褊窆籩緶",
	"biao":   "表標彪裱婊飈飆鏢膘鰾驃鑣颮髟瘭",
	"bie":    "別憋癟鱉蹩",
	"bin":    "賓濱斌彬瀕繽鬢檳殯擯臏玢份頻髕豳鑌儐",
	"bing":   "並病兵冰餅丙柄炳秉稟屏檳摒邴",
	"bo":     "波伯播剝博玻勃撥柏脖卜搏泊駁膊舶簿渤簸菠箔跛薄缽鉑帛礴餑鈸亳啵檗鵓踣擘佛",
	"bu":     "不部步布補捕卜哺埔怖簿埠鈽卟逋晡鈽醭瓿堡",
	"ca":     "擦嚓礤",
	"cai":    "才采材財彩菜裁猜蔡踩睬",
	"can":    "參殘餐慘蠶燦摻慚璨孱粲驂黲",
	"cang":   "藏蒼倉艙滄臧傖",
	"cao":    "草操曹槽糙嘈漕螬艚",
	"ce":     "策測側冊廁柵惻拆",
	"cen":    "參岑涔",
	"ceng":   "層曾蹭噌",
	"cha":    "差察查茶插叉詫岔剎喳碴嚓楂杈碴汊搽衩奼槎餷鑔鍤猹檫",
	"chai":   "差柴拆釵豺儕蠆瘥",
	"chan":   "產顫闡纏禪鏟摻潺饞蟬攙蟾懺諂孱讒廛羼嶄蕆驏覘澶躔囅嬋單",
	"chang":  "長常場廠唱昌腸償嘗倡暢倘敞淌猖悵嫦娼氅菖昶徜鯧惝萇鬯閶倀裳",
	"chao":   "朝超潮吵巢抄嘲剿炒鈔綽晁焯耖怊",
	"che":    "車徹撤扯澈掣尺屮硨坼",
	"chen":   "稱陳沉晨臣塵趁襯辰嗔琛抻傖讖磣宸郴諶忱齔櫬沈",
	"cheng":  "成程稱城承誠呈乘懲撐澄秤橙逞丞騁盛瞠鐺塍檉埕淨搶蟶裎鋮酲棖",
	"chi":    "吃持池尺赤遲斥齒翅馳恥痴弛熾哧侈嗤叱敕啻飭笞踟柢茌褫鴟墀蚩蚩豉眵螭魑匙篪瘛媸傺",
	"chong":  "重充沖蟲崇湧寵憧忡舂銃種茺艟",
	"chou":   "抽籌仇醜愁臭酬疇看綢稠躊惆幬瘳儔讎",
	"chu":    "出處除初礎助楚觸畜儲廚鋤櫥雛躇矗搐芻蜍怵滁黜絀杵躕亍憷樗楮",
	"chuai":  "揣啜踹膪搋",
	"chuan":  "傳船穿川串喘椽氚釧舛遄舡巛",
	"chuang": "創床窗闖瘡愴幢",
	"chui":   "吹垂錘椎炊捶槌陲棰",
	"chun":   "春純唇醇蠢淳椿蓴鶉蝽",
	"chuo":   "戳綽輟齪啜淖踔辶",
	"ci":     "此次差詞刺磁辭雌慈茲瓷賜伺疵呲糍祠茨鶿",
	"cong":   "從匆叢聰蔥囪淙琮蓯驄璁樅",
	"cou":    "湊腠輳楱",
	"cu":     "促粗簇醋卒蹙猝蹴徂趣趨蔟殂",
	"cuan":   "竄篡攢躥攛爨鑹汆",
	"cui":    "催翠脆粹崔摧萃悴瘁璀啐淬毳榱衰",
	"cun":    "存村寸忖皴",
	"cuo":    "錯措挫搓撮磋銼蹉矬厝脞鹺鹺嵯痤",
	"da":     "大打達答搭瘩嗒噠韃沓耷憚靼褡怛笪妲",
	"dai":    "代帶待袋戴呆貸逮歹岱傣玳怠黛殆迨甙棣呔詒埭毒大紿",
	"dan":    "但單擔彈蛋淡膽丹旦氮誕耽鄲撣憚疸眈賧澹啖簞膻石萏聃殫癉儋",
	"dang":   "當黨盪擋檔襠鐺宕菪碭凼讜",
	"dao":    "到道導倒島刀蹈稻盜搗叨悼禱燾氘纛刂忉",
	"de":     "的地得德底鎝",
	"dei":    "得",
	"deng":   "等燈登鄧瞪凳澄蹬噔磴戥嶝鐙簦",
	"di":     "的地第提低底敵帝弟抵遞滴迪堤蒂締笛滌狄嘀諦娣嫡邸詆砥棣碲柢看骶荻覿坻氐鏑糴羝翟",
	"dia":    "嗲",
	"dian":   "點電典店淀顛殿墊奠甸碘佃滇惦巔癲掂踮玷靛鈿癜阽坫簟",
	"diao":   "掉雕吊釣刁叼調碉凋貂鯛銱銚",
	"die":    "爹跌疊蝶迭碟諜喋牒堞蹀垤耋鰈瓞佚",
	"ding":   "定頂丁訂釘盯叮鼎錠啶屁股仃町鋌酊疔碇耵玎",
	"diu":    "丟銩",
	"dong":   "動東冬洞懂凍董咚棟侗峒恫胴氡鶇硐腖垌崬",
	"dou":    "都斗讀豆抖兜陡逗竇蚪痘瀆蔸篼鈄",
	"du":     "度獨讀毒督渡杜肚堵賭嘟篤睹妒都鍍竺犢瀆牘蠹黷芏髑櫝",
	"duan":   "斷段短端鍛緞煅椴籪",
	"dui":    "對隊堆兌碓敦追懟鐓憝",
	"dun":    "盾頓噸蹲敦鈍墩囤沌遁盹燉躉砘礅",
	"duo":    "多奪朵躲踱度墮惰哆舵跺垛咄掇鐸剁哚柁裰綞隋",
	"e":      "額惡俄餓呃鵝扼厄蛾娥峨愕鱷鄂遏萼顎顎訛噩諤婀鍔堊軛屙阿鶚苊莪鋨閼哦",
	"ei":     "欸",
	"en":     "嗯恩按蒽",
	"er":     "而二兒爾耳餌邇洱貳鮞珥鴯鉺佴",
	"fa":     "發法乏罰伐閥筏砝琺垡",
	"fan":    "反范飯犯翻繁凡泛番煩返販帆藩梵樊蕃礬幡釩畈蘩燔蹯拚",
	"fang":   "方放房防仿訪芳紡妨肪坊彷舫魴鍅匚枋邡",
	"fei":    "非飛費肥廢肺匪菲沸啡妃吠斐翡誹緋蜚扉霏腓痱悱芾榧狒淝鯡鐨鐨篚",
	"fen":    "分份奮粉紛憤氛芬糞墳焚吩酚忿汾玢鼢瀵鱝棼僨",
	"feng":   "風封豐鋒峰奉鳳縫蜂馮逢瘋諷楓灃烽俸碸葑唪酆",
	"fo":     "佛",
	"fou":    "否不缶",
	"fu":     "復服夫富府父負副福婦附符付幅伏浮腐腹傅扶輻膚撫覆輔賦赴甫縛弗咐俯俘孵拂斧敷脯腑袱芙氟孚蝠阜匐麩釜涪馥鳧駙茯訃蝮蚨苻呋罘稃芾跗拊趺莩菔莩阝砩郛滏蜉嘸幞賻賻怫黻黼祓鰒鮒桴紱艴紼佛",
	"ga":     "嘎伽尬噶旮咖夾尕尜釓",
	"gai":    "改該概蓋鈣溉芥丐垓賅戤陔",
	"gan":    "感趕敢甘杆干肝乾柑竿贛尷苷稈橄坩擀紺酐泔旰矸澉淦疳",
	"gang":   "剛鋼港綱崗槓缸岡扛肛戇罡筻",
	"gao":    "高告搞稿膏糕羔鎬篙睪皋誥槁藁鋯杲縞槔郜",
	"ge":     "個合各革格歌哥隔割葛閣戈胳頜鴿擱咯疙蛤骼鉻膈嗝鎘圪鬲硌蓋哿塥虼袼搿舸",
	"gei":    "給",
	"gen":    "根跟亘艮茛哏",
	"geng":   "更耕耿庚梗哽埂羹賡頸鯁綆",
	"gong":   "工公共功供攻宮貢鞏弓恭拱躬龔汞蚣珙肱紅廾觥",
	"gou":    "構夠句購狗溝勾鉤拘苟垢篝枸媾佝詬笱岣鞲遘覯彀緱",
	"gu":     "古故固顧姑骨鼓股谷孤估雇咕呱辜菇沽錮賈鈷梏臌箍蛄汩蠱軲詁牯崮鴣鶻瞽痼鯝轂菰牿嘏罟觚酤",
	"gua":    "掛瓜寡刮褂呱卦剮胍鴰括栝詿",
	"guai":   "怪拐乖",
	"guan":   "關觀管官慣館貫冠灌罐棺斡倌綸矜盥莞鰥鸛摜涫",
	"guang":  "光廣逛胱獷潢咣桄",
	"gui":    "規貴歸鬼桂軌櫃矽龜跪瑰閨詭傀匱圭劊檜鮭癸皈炅鱖匭眭晷劌庋宄簋媯",
	"gun":    "滾棍輥袞磙丨鯀緄",
	"guo":    "國過果郭鍋裹蟈堝幗聒虢槨摑蜾崞猓馘渦",
	"ha":     "哈蛤蝦鉿",
	"hai":    "還海孩害嗨亥駭咳氦骸胲醢",
	"han":    "含漢喊寒汗旱韓函涵罕憾焊憨翰撼邯悍捍酣瀚鼾蚶頷晗菡犴旰頇焓廠邗撖",
	"hang":   "行航杭巷夯沆吭絎頏",
	"hao":    "好號毫耗豪浩郝壕嚎皓鎬蒿嗥濠昊貉薅顥灝蚝嚆皋",
	"he":     "和合何河呵核喝荷嚇賀赫盒頜褐鶴禾嗬壑訶涸閡闔劾貉翮菏蓋盍曷紇苛",
	"hei":    "黑嘿嗨",
	"hen":    "很恨狠痕",
	"heng":   "衡橫恆哼亨珩蘅桁",
	"hong":   "紅洪宏轟鴻哄虹烘弘泓訇訌閎薨蕻葒黌",
	"hou":    "後候厚猴侯喉吼逅篌骺堠鱟餱後瘊",
	"hu":     "互乎護呼戶忽胡湖虎糊弧狐壺滬蝴葫瑚滸惚唬扈琥瓠囫鵠唿斛祜滹鶘醐猢和許核觳虍軤岵怙煳烀鸌槲笏冱戽戲",
	"hua":    "化話花劃畫華滑嘩樺猾鏵驊砉豁",
	"huai":   "壞懷淮槐徊踝",
	"huan":   "還環換歡緩患幻喚煥寰桓瘓宦渙豢獾浣奐洹圜鬟垸萑漶逭鍰鯇擐繯",
	"huang":  "黃皇荒慌晃煌惶簧謊恍蝗磺凰隍幌徨潢璜湟肓篁蟥遑鰉癀",
	"hui":    "會回揮灰匯繪恢輝毀慧惠悔潰徽諱卉穢賄晦詼彗暉蛔檜誨喙洄薈琿蕙燴茴睢麾咴隳恚虺蟪繢墮",
	"hun":    "婚混昏魂渾棍葷餛琿諢溷閽",
	"huo":    "和活或火獲貨伙惑霍禍豁夥蠖嚯鑊藿劐耠灬鈥鍃攉",
	"ji":     "機幾基己期濟及級計即極技記集際積紀急激既繼擊奇季雞跡劑輯績吉寄疾擠肌籍祭寂脊飢忌冀藉稽畸棘鯽嘰圾嫉姬譏妓汲系伎緝唧驥羈髻悸瘠箕暨磯麂岌薊亟戟躋詰犄薺稷畿霽嵇嵴屐蒺覬笈璣楫偈芨咭其齊芰蕺剞齎殛乩洎蟣戢跽嚌墼鱭掎笄彐佶齏給",
	"jia":    "家加價假架甲夾佳嫁駕嘉賈鉀稼頰伽挾迦枷莢戛拮浹胛袈痂頡鎵岬笳珈蛺跏瘕袷葭恝郟鋏",
	"jian":   "間見建件堅簡漸減檢踐健尖監艱鍵肩兼鑒淺箭鹼剪劍艦奸殲儉揀薦賤繭柬撿煎濺澗諫瞼塹腱毽箋緘餞鹼翦犍謇鰹僭鐧縑囝韉菅蒹戔戩湔趼踺蹇襉搛梘楗筧鶼牮譾檻",
	"jiang":  "將講江降獎蔣港匠疆漿姜僵醬槳韁絳犟強茳礓耩豇洚糨",
	"jiao":   "教叫較交覺角腳焦膠郊繳驕嬌轎攪澆嚼校剿礁椒矯狡絞蕉酵窖餃跤佼僥皎蛟茭醮姣鉸湫鮫嶠艽噍撟敫徼僬鷦",
	"jie":    "結解接階界價節介姐借街揭屆潔傑截皆戒捷竭劫桔藉誡秸睫楷芥婕拮孑詰疥嗟頡癤桀碣羯訐偈蚧袷家她卩喈骱鮚",
	"jin":    "進金今近僅緊盡禁勁津斤晉錦浸筋巾謹襟靳矜瑾燼噤縉覲饉堇藎卺贐廑衿釒槿妗",
	"jing":   "經精境京靜竟驚景睛鏡徑警晶勁競淨敬井頸莖鯨荊靖兢痙憬涇菁粳阱脛腈逕旌儆箐剄肼靚獍婧弳",
	"jiong":  "炯窘迥炅冂扃",
	"jiu":    "就究九久舊酒救糾舅揪灸疚臼鳩廄赳韭咎桕啾柩鷲鬏玖鬮僦",
	"ju":     "具據局舉劇句居巨距聚拒櫃菊矩懼俱拘桔咀鋸鞠橘踞駒沮瞿炬踽疽遽掬枸颶榘苣裾齟櫸倨狙鉅莒且車苴鞫犋雎琚屨窶鋦醵椐詎趄渠",
	"juan":   "卷倦捐圈娟鵑絹眷涓鐫蠲鄄狷錈桊雋",
	"jue":    "決覺絕掘嚼爵訣厥倔攫崛蕨獗撅噘抉钁蹶譎角孓噱橛珏矍鱖桷劂爝觖",
	"jun":    "軍均菌君俊峻鈞郡駿竣雋浚筠麇皸捃龜",
	"ka":     "卡喀咖咯喀佧胩",
	"kai":    "開凱慨愷揩楷鎧愾鍇豈蒈塏剴鉲",
	"kan":    "看刊堪砍坎勘嵌侃檻瞰龕闞戡莰凵",
	"kang":   "抗康炕扛慷亢糠伉鈧閌",
	"kao":    "考靠烤銬拷犒尻栲",
	"ke":     "可科克客刻課顆殼棵渴咳柯磕苛坷瞌窠蝌軻頦恪稞髁珂氪緙岢嗑呵騍溘蚵錁鈳疴",
	"kei":    "",
	"ken":    "肯懇墾啃齦裉",
	"keng":   "坑吭鏗",
	"kong":   "空控孔恐箜倥崆",
	"kou":    "口扣寇叩摳佝蔻芤瞘筘",
	"ku":     "苦哭庫枯褲酷窟挎骷絝刳堀嚳",
	"kua":    "跨夸垮挎胯侉",
	"kuai":   "會快塊筷膾儈獪噲蒯澮鄶",
	"kuan":   "款寬髖",
	"kuang":  "況礦狂框曠筐眶匡鄺哐壙誑夼貺貺纊誆",
	"kui":    "虧潰愧奎魁饋葵窺盔傀匱逵夔喟睽喹聵揆簣巋馗蕢蝰暌跬悝憒",
	"kun":    "困昆捆坤錕鯤琨髡醌悃閫",
	"kuo":    "括擴闊廓蛞",
	"la":     "拉啦臘辣蠟落喇垃剌旯邋砬瘌",
	"lai":    "來賴萊癩睞籟徠淶崍癘賚瀨錸",
	"lan":    "蘭藍爛覽籃欄攔懶濫攬瀾婪嵐纜闌欖斕襤啉讕鑭灠罱",
	"lang":   "浪朗郎狼廊琅螂啷榔莨閬蒗鋃稂",
	"lao":    "老勞落牢絡撈姥烙嘮澇佬潦癆酪嶗醪樂耮鐒銠栳",
	"le":     "了樂勒肋仂嘞鰳泐叻",
	"lei":    "類累雷淚勒蕾壘肋擂磊儡鐳耒羸嘞檑酹嫘縲縲誄",
	"leng":   "冷愣楞稜塄",
	"li":     "裡理力利立例離歷李禮麗粒隸哩璃勵黎厲厘梨莉吏栗犁鯉狸礫瀝荔籬漓笠蠣痢俐鋰俚靂邐戾鎘罹櫟蠡儷藜鸝驪礪蜊黧娌蒞猁癘傈唳溧癧醴砬喱鬲藶澧蘺壢嫠酈嚦躒轢詈糲鱺鱧櫪篥縭",
	"lia":    "倆",
	"lian":   "聯連臉練煉戀蓮憐鏈廉簾斂鐮鰱漣殮濂奩褳瀲楝蘞臁璉璉蠊襝",
	"liang":  "兩量亮良糧梁倆涼輛諒粱踉晾靚莨墚魎椋",
	"liao":   "了料療遼僚聊廖繚寥撩燎撂繆嘹潦寮鐐蓼獠尥鷯釕",
	"lie":    "列烈裂獵劣咧冽趔鬣埒洌躐捩",
	"lin":    "林臨鄰磷淋鱗霖麟琳拎凜吝粼賃藺躪嶙啉廩檁遴膦瞵轔轔懍",
	"ling":   "領另令靈零齡嶺鈴玲凌陵稜菱伶苓聆翎綾羚鯪呤櫺蛉囹瓴酃泠柃",
	"liu":    "流六留劉硫柳溜瘤碌榴餾琉瀏綹遛騮鎏鷚熘鎦鋶旒",
	"long":   "龍隆籠壟攏朧聾嚨隴窿瓏壠弄礱蘢櫳瀧癃",
	"lou":    "露樓漏陋摟嘍簍婁鏤僂髏螻瘺耬蔞嶁",
	"lu":     "路陸綠露錄魯爐盧蘆鹿碌祿鹵虜廬嚕麓顱漉轆擄六賂鷺戮瀘櫓璐潞鱸擼蓼轤臚壚氌鸕淥輅鎦櫨簏艫逯",
	"luan":   "亂卵攣巒灤鸞孿欒鑾臠孌",
	"lun":    "論輪倫侖淪綸掄圇",
	"luo":    "落羅邏洛絡螺裸蘿鑼駱烙騾珞籮摞捋倮瘰玀硌犖腡漯濼鏍欏雒蠃咯",
	"lv":     "律率綠慮旅氯鋁履呂捋驢濾侶屢縷櫚褸僂閭穭膂",
	"lve":    "略掠鋝",
	"ma":     "馬嗎媽麻嘛罵碼抹瑪螞蟆獁嗎榪摩",
	"mai":    "買賣麥脈埋邁霾蕒勱嘜",
	"man":    "滿慢漫曼蠻瞞蔓饅蟎幔縵鰻謾顢墁埋鞔熳鏝",
	"mang":   "忙盲茫芒氓莽蟒邙硭漭",
	"mao":    "毛矛貌冒貿帽貓茂茅髦瑁錨氂鉚卯懋袤昴峁茆瞀蟊蝥耄泖旄",
	"me":     "嗎",
	"mei":    "沒美每妹梅煤眉霉媒枚酶鎂媚魅玫昧莓糜楣寐湄嵋袂浼鶥鋂猸",
	"men":    "們門悶瞞懣捫汶燜鍆",
	"meng":   "夢蒙猛盟孟萌朦氓錳懵蟒勐檬蜢虻蠓瞢甍礞艨艋",
	"mi":     "密米秘迷蜜彌泌眯咪覓謎靡糜獼謐醚嘧弭脒冪麋縻汨蘼蘼羋敉宓冖祢糸",
	"mian":   "面免棉眠綿勉緬靦冕娩沔湎眄澠宀",
	"miao":   "描苗妙秒廟渺瞄繆淼藐緲邈鶓眇喵杪",
	"mie":    "滅蔑篾咩乜蠛",
	"min":    "民敏閩皿憫抿泯岷閔苠珉玟黽愍鰵緡",
	"ming":   "明命名鳴銘冥螟茗瞑酩溟暝",
	"miu":    "謬繆",
	"mo":     "嗎沒模末默莫摸脈磨冒膜摩墨漠魔抹沫陌寞摹驀蟆蘑饃謨茉貉秣歿貘萬貊耱嗎鏌瘼嫫嬤嬤嘿",
	"mou":    "某謀牟眸繆哞鍪蛑侔",
	"mu":     "目母木模莫幕牧畝墓姆慕穆暮姥牡拇睦募沐牟繆苜鉬毪坶仫",
	"na":     "那哪拿納娜吶捺衲鈉內南肭錼",
	"nai":    "奶耐乃奈萘氖艿能鼐柰",
	"nan":    "難南男喃楠囡赧囝腩蝻",
	"nang":   "囊囔曩饢攮",
	"nao":    "腦鬧惱撓瑙呶孬橈淖鐃硇垴蟯猱",
	"ne":     "呢吶訥哪疒",
	"nei":    "那內哪餒",
	"nen":    "嫩恁",
	"neng":   "能",
	"ni":     "你疑尼泥擬逆妮膩倪匿溺霓暱睨怩鯢鈮旎呢坭猊伲",
	"nian":   "年念黏碾攆捻輾蔫拈埝黏鯰鯰輦廿",
	"niang":  "娘釀",
	"niao":   "鳥尿溺裊脲蔦嬲",
	"nie":    "捏聶涅孽鎳躡櫱鑷顳嚙囁攝乜隉臬捻",
	"nin":    "您恁",
	"ning":   "寧凝擰獰嚀檸濘佞聹甯",
	"niu":    "牛扭紐鈕拗妞忸狃",
	"nong":   "農弄濃膿噥儂",
	"nu":     "努奴怒弩帑孥駑胬",
	"nuan":   "暖",
	"nuo":    "諾娜挪糯懦喏儺搦難鍩",
	"nv":     "女衄恧釹",
	"nve":    "虐瘧",
	"o":      "哦噢喔",
	"ou":     "偶嘔鷗毆耦藕謳禺漚慪甌區歐",
	"pa":     "怕爬帕扒啪趴琶耙杷葩鈀筢",
	"pai":    "派排迫拍牌湃徘俳哌蒎",
	"pan":    "判盤胖潘盼叛攀畔拌蹣泮蟠磐爿袢番襻丬拚",
	"pang":   "旁胖龐乓磅螃彷滂耪逄",
	"pao":    "跑炮泡拋袍刨咆疱狍庖匏脬",
	"pei":    "配培陪佩胚賠沛妃裴呸帔轡霈鉳醅旆",
	"pen":    "盆噴湓",
	"peng":   "朋碰棚蓬膨捧篷鵬烹砰澎抨怦硼嘭彭堋蟛苹亨",
	"pi":     "皮批屁披辟疲脾匹劈僻副罷譬啤琵坯癖毗痞枇霹噼裨媲否貔丕吡陂砒邳鈹圮睥蜱疋鼙陴埤淠蚍羆甓庀擗郫仳紕",
	"pian":   "片偏篇騙扁翩駢胼蹁便犏諞",
	"piao":   "票飄漂瓢瞟縹剽嫖朴嘌驃殍螵",
	"pie":    "撇瞥苤氕丿",
	"pin":    "品貧頻拼聘拚嬪顰姘牝榀",
	"ping":   "平評憑瓶屏苹萍乒坪鮃枰娉俜馮",
	"po":     "破迫婆坡頗潑朴泊魄粕珀鄱釙笸陂叵鉕皤繁",
	"pou":    "剖掊裒",
	"pu":     "普鋪撲譜朴葡仆浦蒲埔菩瀑圃噗曝匍蹼溥濮璞莆氆攴鏷鐠堡攵暴",
	"qi":     "起其氣期器企七奇汽齊妻啟旗棄騎欺漆棋豈淒契歧戚棲泣砌祈蹊乞迄崎祺鰭伎緝岐琦祁琪憩畦沏綺臍亟嘁薺杞麒頎耆啐蠐磧淇葺芪綦欹槭萋訖圻蘄揭萁芑騏亓丌柒汔蜞屺榿枝俟稽",
	"qia":    "恰洽掐卡髂袷咭葜",
	"qian":   "前千錢潛遷淺簽纖牽欠遣鉛歉謙乾倩嵌虔鉗黔譴塹扦阡茜釺掮犍鈐僉蕁騫愆箝芡芊肷槧岍慳慊褰搴仟繾",
	"qiang":  "強槍牆搶腔羌嗆蹌鏘薔羥襁戕戧嬙檣蜣熗錆鏹疆",
	"qiao":   "巧橋悄瞧敲喬僑翹峭竅俏鍬鞘憔蹺撬樵蕎橇殼雀誚嶠鞽磽愀劁繰譙",
	"qie":    "切且竊契怯砌伽茄妾愜趄鍥篋挈郄",
	"qin":    "親侵勤秦琴禽欽沁芹寢擒矜噙覃撳芩嗪衾螓唚鋟檎",
	"qing":   "情清親青輕請傾慶氫晴頃卿蜻擎氰磬罄圊箐苘檠謦黥鯖綮",
	"qiong":  "窮瓊穹邛煢跫蛩銎筇",
	"qiu":    "求球秋丘酋囚蚯邱裘鰍巰泅湫虬遒楸逑龜蝤賕糗犰鼽俅仇",
	"qu":     "去區取曲趣趨屈驅渠軀娶嶇瞿祛蛐覷衢蛆齲黢癯苣蠼闃蘧蕖磲朐璩氍劬鴝麴詘",
	"quan":   "全權圈泉勸拳券犬醛蜷痊顴銓荃詮筌鬈畎輇悛犭綣",
	"que":    "確卻缺雀鵲炔瘸榷闕闋愨",
	"qun":    "群裙逡麇",
	"ran":    "然染燃冉髯苒蚺",
	"rang":   "讓壤嚷攘瓤禳穰",
	"rao":    "繞擾饒橈嬈蕘",
	"re":     "熱惹喏若",
	"ren":    "人認任忍仁韌刃妊紉壬飪仞衽荏稔軔亻",
	"reng":   "仍扔",
	"ri":     "日",
	"rong":   "容溶榮融絨熔蓉茸戎榕冗嶸蠑肜狨",
	"rou":    "肉柔揉蹂鞣糅",
	"ru":     "如入乳儒辱汝蠕茹褥濡嚅孺銣縟襦女蓐薷顬溽洳",
	"ruan":   "軟阮朊",
	"rui":    "瑞銳蕊兌睿芮蕤蚋枘",
	"run":    "潤閏",
	"ruo":    "若弱偌箬",
	"sa":     "薩撒灑三人卅颯脎",
	"sai":    "塞賽腮鰓噻思",
	"san":    "三參散傘叄糝毿饊",
	"sang":   "喪桑嗓搡顙磉",
	"sao":    "掃嫂騷繅搔臊瘙埽鰠梢",
	"se":     "色澀瑟嗇塞銫穡槭",
	"sen":    "森",
	"seng":   "僧",
	"sha":    "沙殺什麼紗砂傻剎廈杉莎煞鯊霎裟挲嗄痧唼鎩歃",
	"shai":   "曬篩",
	"shan":   "山單善閃扇衫陝珊禪杉擅摻柵煽膳刪姍汕贍跚撣訕繕舢疝嬗潸鱔鄯苫膻芟騸彡蟮釤",
	"shang":  "上商傷尚賞湯裳晌熵墒垧殤觴鞝",
	"shao":   "少燒紹召稍梢哨勺捎邵鞘芍韶筲艄苕劭潲杓",
	"she":    "社設射涉舍攝舌蛇折拾畲奢赦懾麝賒佘猞歙厙灄揲",
	"shen":   "什身神深參甚審伸申沈滲嬸腎慎紳呻娠砷蜃莘吲糝詵諶信葚胂瀋哂矧諗",
	"sheng":  "生聲省勝升盛聖剩乘牲繩笙甥嵊晟眚甸",
	"shi":    "是時實事十使什式世識食市史石始師失視示似適士勢試施室釋詩氏濕飾駛拾蝕屍逝侍誓矢獅匙柿碩嗜屎噬噓柵拭峙仕恃虱軾舐耆螫豕諡弒殖蓍澤蒔貰塒炻鰣鯴鈰釃筮",
	"shou":   "手受收首守授售壽瘦獸狩綬扌艏",
	"shu":    "術數書屬樹述熟輸束殊叔朱舒鼠疏署豎蔬抒樞淑暑薯梳俞蜀庶贖塾墅恕曙倏漱黍腧戍孰澍秫菽紓疋沭攄姝殳毹",
	"shua":   "刷耍唰",
	"shuai":  "率衰摔帥甩蟀",
	"shuan":  "拴栓涮閂",
	"shuang": "雙霜爽孀",
	"shui":   "誰水睡稅說氵",
	"shun":   "順瞬舜吮",
	"shuo":   "說爍碩朔數妁蒴鑠搠槊",
	"si":     "思四死斯似司絲私飼寺撕祀肆嘶嗣廝俟泗噝巳鷥螄駟鍶汜伺食厶耜兕澌笥姒緦糹",
	"song":   "送松宋頌訟聳誦淞嵩悚凇慫忪菘崧竦",
	"sou":    "搜艘嗽嗖擻颼餿藪螋叟溲瞍嗾鎪",
	"su":     "素速蘇訴縮俗塑肅宿穌溯粟酥簌夙謖嗉僳愫蔌涑觫",
	"suan":   "算酸蒜狻",
	"sui":    "隨雖歲碎遂髓穗隋綏隧邃祟燧睢荽濉誶尿",
	"sun":    "孫損筍蓀猻飧榫隼",
	"suo":    "所索縮鎖梭嗦瑣唆羧嗩娑蓑挲些睃睃嗍桫莎",
	"ta":     "他它她塔踏塌榻沓蹋嗒拓獺撻趿遢溻鰨鉈闥",
	"tai":    "大太態台抬泰胎苔汰鈦酞肽薹駘邰炱跆鮐",
	"tan":    "談探彈碳坦嘆灘炭攤壇貪譚潭痰毯癱檀坍袒覃忐曇鉭澹郯錟",
	"tang":   "堂唐糖躺湯塘倘趟燙膛淌棠搪螳羰儻溏帑醣耥瑭螗鐋鏜樘",
	"tao":    "討套逃陶桃萄掏濤淘滔叨韜啕絛洮饕跳鞀",
	"te":     "特忑忒慝鋱",
	"teng":   "騰疼藤滕謄",
	"ti":     "體提題替梯踢蹄惕啼剔剃涕屜嚏銻棣倜悌鵜逖醍緹綈弟",
	"tian":   "天田甜填添佃恬腆舔闐鈿忝殄畋掭甸",
	"tiao":   "條調跳挑眺迢窕苕佻笤啁糶髫齠蜩祧鰷",
	"tie":    "鐵貼帖餮萜",
	"ting":   "聽停庭挺廳廷亭艇烴婷蜓汀霆町鋌葶莛梃",
	"tong":   "同通統痛童銅筒桶桐佟侗酮捅瞳僮彤潼嗵慟峒茼砼仝",
	"tou":    "頭投透偷愉骰亠",
	"tu":     "圖土突途徒吐塗兔屠凸禿荼釷菟堍酴",
	"tuan":   "團湍疃摶彖揣",
	"tui":    "推退腿頹蛻褪忒煺弟",
	"tun":    "吞屯豚臀囤褪飩氽暾",
	"tuo":    "脫托拖妥拓駝陀唾橢馱沱砣鴕佗坨跎籜柁柝橐沲鼉庹酡乇",
	"wa":     "瓦挖娃哇蛙凹窪襪佤媧膃",
	"wai":    "外歪崴咼",
	"wan":    "完萬晚玩灣彎碗頑挽烷婉皖蔓腕丸宛惋蜿豌綰紈莞剜脘畹菀芄琬箢",
	"wang":   "往王望忘亡網旺汪妄枉惘罔輞輞魍",
	"wei":    "為維圍委未微謂衛味唯威危偉尾違偽慰魏餵胃緯畏韋惟葦萎尉蔚巍薇偎帷娓渭桅圩倭痿崴蝟諉猥濰煨葳韙幃嵬瑋逶煒隈隗洧潿溈囗軎鮪艉闈位",
	"wen":    "文問溫聞穩紋吻蚊紊瘟韞雯汶刎璺閿",
	"weng":   "翁嗡甕蓊蕹",
	"wo":     "我握窩臥沃渦斡蝸喔倭撾齷渥萵幄硪肟",
	"wu":     "物無五務舞武屋誤惡午吳伍汙烏霧悟吾嗚侮唔巫勿梧誣捂晤兀於蕪戊毋鵡嫵鎢鄔塢蜈婺鶩忤騖牾廡杌亡芴阢鼯圬浯鋈憮焐寤迕痦仵",
	"xi":     "系西細習息吸喜戲析希席洗稀惜悉襲臘溪媳犧錫嘻夕隙晰棲膝熙昔烯熄禧鰓徙嬉犀蟋奚兮曦蜥汐翕璽唏螅銑淅硒皙熹羲矽檄郗愾僖屣歙樨覡咭葸菥蓰隰鼷舄浠粞裼穸禊餼欷醯舾鬩灑蹊",
	"xia":    "下夏嚇狹轄霞峽瞎廈蝦暇匣唬遐俠黠呷瑕罅狎瘕硤柙",
	"xian":   "現先線顯限縣鮮險獻憲陷仙閒纖腺弦賢嫌掀咸銜羨摻涎嫻見醯舷蘚餡杴銑冼霰暹秈莧癇氙蜆峴薟燹躚跣祆獫筅鷳洗",
	"xiang":  "想相象向響像項鄉降香羊享箱祥詳湘橡翔巷廂鑲襄餉驤薌饗葙蟓庠鯗緗緗",
	"xiao":   "小消笑效校銷削曉肖硝蕭孝嘯瀟俏囂哮淆宵簫霄筱逍驍姣梟嘵蛸崤魈枵綃綃",
	"xie":    "些解寫協謝械鞋斜諧脅洩歇邪契攜卸屑瀉蟹懈挾蠍偕楔勰褻燮鮭擷頡榭邂纈瀣廨躞葉薤渫獬榍紲血",
	"xin":    "心新信欣辛薪鋅芯馨鑫釁昕忻莘歆囟忄鐔",
	"xing":   "行性形興型星省幸醒刑姓杏猩腥邢惺悻滎陘擤荇硎餳",
	"xiong":  "雄兄胸兇熊洶匈芎",
	"xiu":    "修秀休袖臭羞繡朽鏽嗅溴貅岫咻宿髹庥饈鵂",
	"xu":     "許需須續序虛徐緒敘蓄吁絮婿噓旭栩墟畜滸戌胥圩恤煦蓿酗頊詡洫盱砉漵勖糈醑休邪",
	"xuan":   "選宣旋懸玄喧軒絢眩炫渲漩暄萱癬煊鏇璇縣碹泫鉉揎楦痃儇諼券",
	"xue":    "學血雪削穴薛靴謔踅噱鱈澩",
	"xun":    "訓迅尋循訊巡詢旬遜馴勛熏汛殉荀薰峋洵浚鱘徇潯醺窨蕁塤巽蕈孫曛恂郇獯",
	"ya":     "壓呀亞牙雅芽鴨押崖啞鴉訝丫涯軋衙婭伢蚜椏氬埡碣琊疋迓邪砑睚吖岈揠瘂",
	"yan":    "眼研驗言嚴演煙沿鹽延顏岩炎燕掩厭艷咽焰鉛宴衍殷閻雁淹硯簷焉彥蜒儼奄諺醃堰晏胭嫣閹湮筵兗妍偃唁鼴懨琰贗魘灩釅焱饜郾菸厴埏鄢罨崦剡閆讞訁",
	"yang":   "樣養陽洋氧央楊揚羊仰秧癢漾瘍佯殃鴦怏鞅恙徉煬泱蛘烊詳",
	"yao":    "要藥搖腰咬耀遙邀瑤姚窯妖謠鑰堯嗎樂吆肴夭僥舀么徭珧杳窕窈鷂繇曜爻約軺崾鰩瘧",
	"ye":     "也業夜葉液爺野喝頁冶耶咽邪拽曳腋椰掖噎曄謁揶射鄴靨燁鋣",
	"yi":     "一以義意已藝易議咦依益衣異醫移遺疑亦宜儀憶伊倚乙億抑役毅譯椅翼姨蟻洩誼疫逸矣溢夷疙繹尾蛾怡胰貽裔彝邑奕翌屹臆頤詣驛熠咿蜴漪沂囈揖弋軼迤懿悒佚羿噫銥弈壹肄翳癔縊刈旖苡懌痍猗詒嶧食射荑薏埸圯殪眙嗌黟嶷嶷衤飴釔鐿鎰挹酏劓艤瘞翊仡佾蛇",
	"yin":    "因音引印銀陰隱飲姻吟殷蔭淫尹茵寅蚓癮齦垠胤喑氤窨鄞吲圻狺銦茚霪堙洇廴夤夤湮",
	"ying":   "應影英營映迎硬盈嬰鷹穎贏熒蠅瑩鶯櫻瑛螢鸚縈纓膺瀛滎瓔嚶媵罌癭塋楹郢瀅潁嬴景鎣瀠攖",
	"yo":     "喲唷",
	"yong":   "用永勇擁湧庸泳傭詠雍踴蛹臃俑甬壅鱅恿癰邕喁慵墉鏞饔",
	"you":    "有又由優油友游右幼尤猶憂郵幽誘悠鈾佑黝柚囿蚴酉釉疣猷莠攸魷繇鼬蚰牖呦莜蕕尢卣蝣宥銪侑",
	"yu":     "於與語育魚余雨預域玉遇予欲宇愈漁譽郁羽獄御裕愉豫愚喻娛寓浴吁輿尉榆俞禹嶼淤逾峪諭於迂虞瘀馭芋隅渝瑜閾毓盂汩熨禺腴揄臾煜鈺鷸鬻諛餘聿紆竽傴齬覦圄歟嫗邪蕷萸舁雩蜮昱蝓圉嵛庾庾燠窳窬飫狳瘐妤肀俁鵒吾奧粥",
	"yuan":   "原員遠元院源願圓園緣援袁怨冤淵猿宛苑垣媛鴛轅沅爰櫞塬鳶圜螈垸瑗黿芫眢掾",
	"yue":    "月約越躍閱悅曰岳樂粵兌鑰櫟鉞說刖瀹噦樾龠",
	"yun":    "運雲允勻韻孕暈蘊芸隕醞韞耘惲紜熨慍氳筠鄆鄖殞員昀狁",
	"za":     "雜咱扎怎麼砸咂匝拶",
	"zai":    "在再載災仔栽宰崽哉甾",
	"zan":    "咱讚暫攢簪瓚鏨糌趲昝",
	"zang":   "藏髒葬贓臧奘駔",
	"zao":    "造早遭藻燥糟灶躁棗鑿噪皂澡蚤唣",
	"ze":     "則責擇澤側嘖仄賾怎麼昃幘簀迮舴",
	"zei":    "賊",
	"zen":    "怎譖",
	"zeng":   "增綜贈憎曾鋥甑罾繒",
	"zha":    "扎炸眨渣閘喳榨詐柵札乍楂喋蚱柞鍘咤查怎麼砟哳吒揸齄痄",
	"zhai":   "摘窄債宅寨齋翟砦責擇側祭齊瘵",
	"zhan":   "展戰站占黏顫沾嶄盞斬氈湛瞻棧輾詹綻蘸譫旃搌",
	"zhang":  "長張章掌丈障漲帳仗脹帳杖璋彰樟瘴漳蟑嶂獐幛鄣嫜仉",
	"zhao":   "找照招召趙著兆昭沼詔朝釗肇濯啁棹罩爪嘲笊",
	"zhe":    "這著者折哲遮浙蔗褶轍鍺輒蟄蜇赭柘鷓摺螫謫著磔",
	"zhei":   "這",
	"zhen":   "真針陣鎮振珍震診偵貞枕圳砧斟疹臻甄禎楨朕賑幀榛縝箴畛稹填蓁胗溱湞軫鴆椹",
	"zheng":  "正政爭整證征丁蒸症鄭睜掙怔拯錚箏猙崢諍徵鉦",
	"zhi":    "之只制質知指直至志織支值致職止植置紙智執殖枝脂秩肢滯拓汁旨址稚芝吱幟蜘摯擲侄趾治識酯窒峙炙桎櫛雉只芷咫痣梔氏胝跖躑鷙蛭枳帙痔徵贄陟騭陟膣豸埴郅躓輊軹忮黹祉觶卮摭縶夂彘",
	"zhong":  "中種重眾終鍾忠腫仲衷踵盅塚鍾忪螽舯蚣",
	"zhou":   "周州洲宙軸驟皺晝舟咒粥肘帚縐胄紂謅妯繇啁調葤碡酎籀",
	"zhu":    "主住注助逐著寧築諸珠豬竹朱柱祝駐株貯囑煮鑄燭蛛矚竺蛀拄佇褚誅侏澍瀦箸渚炷躅銖瘃苧術屬茱翥洙麈櫫杼櫧邾舳疰丶",
	"zhua":   "抓爪撾",
	"zhuai":  "拽轉",
	"zhuan":  "轉專磚賺撰篆傳顓饌囀",
	"zhuang": "狀裝莊壯撞樁妝幢僮奘戇",
	"zhui":   "追綴椎墜錐贅惴騅隹縋揣",
	"zhun":   "准諄淳屯肫窀",
	"zhuo":   "捉桌著卓著濁灼啄琢拙酌鐲茁斫濯淖涿棹擢焯浞禚倬諑繳",
	"zi":     "自子資字紫仔姿滋茲姊籽諮孜漬梓髭恣滓諮淄呲孳鯔齜輜甾眥秭貲吱齊茈趑耔觜訾嵫錙笫粢緇",
	"zong":   "總宗綜縱蹤棕粽鬃傯從腙",
	"zou":    "走奏鄒揍陬鄹騶鯫諏",
	"zu":     "組族足祖阻租卒詛鏃俎菹",
	"zuan":   "鑽攥纂躦纘",
	"zui":    "最嘴罪醉咀蕞",
	"zun":    "尊遵樽鱒撙",
	"zuo":    "作做坐左座昨佐琢撮柞唑祚阼胙嘬怍酢笮",
}
