﻿{
	"a":      "啊啊呵醃嗄錒錒",
	"ai":     "愛唉挨礙哀矮埃哎艾癌隘藹噯皚靄捱曖璦娭砈鑀嬡薆鴱藹磑礙硋愛壒靉靉毐塧靄璦瞹濭溰溾曖昹啀噯嘊敱敳賹懓懝砈鑀鱫鑀皧皚馤躷凒娾嬡伌僾餲譪譺",
	"an":     "安按案暗岸氨俺銨胺鞍黯庵桉諳鮟鵪咹犴廣廠埯揞菴蓭荌萻葊隌鵪豻貋腤雸堓垵玵洝晻唵啽罯屵峖鞌錌銨馣痷鶕闇媕盫儑侒偣韽盦諳誝",
	"ang":    "昂骯盎昻骯岇醠枊仰",
	"ao":     "傲熬凹遨嗷奧拗澳襖懊坳敖翱螯鰲鏖岙媼鏊驁艹聱獒廒蔜芺隞隩厫磝奡镺垇墺璈嗸嶅驁鰲鷔摮嫯鼇謷滶澚軪岰慠爊襖獓翶擙抝梎柪翺嶴奧媼謸",
	"ba":     "把八吧巴爸罷拔霸壩叭芭扒跋疤靶耙粑笆鈀伯茇菝灞岜鮁捌魃夿胈鼥壩垻豝玐蚆跁哵罷軷炦鈀䰾鮁魞釟抜扷覇柭欛朳叐矲羓丷妭颰癹仈弝詙",
	"bai":    "白百擺敗拜柏唄掰伯稗捭佰薭瓸贁敗韛粨庍粺襬猈拝擺挀栢竡絔",
	"ban":    "辦般半班板伴版搬斑扮頒瓣拌扳絆坂阪舨瘢柈鈑癍靽瓪湴昄蝂岅肦怑粄魬鈑鉡秚褩螌辦闆辬姅頒鳻攽絆斒",
	"bang":   "幫邦膀棒傍榜綁梆磅蚌旁鎊謗浜蒡幚邫垹鞤幇幫塝玤蜯髈鎊挷捠搒棓牓稖艕綁縍謗彭",
	"bao":    "保報包胞寶暴抱薄剝炮爆飽堡孢豹瀑刨鮑苞雹葆曝褒鴇褓煲齙趵勹蕔菢藵犦髱靌報堢虣珤齙曓蚫骲鳵怉寳寚寶宲窇鑤鮑鉋鉋勽枹忁笣闁媬儤賲佨飹飽駂鴇剝緥袌裦褒",
	"bei":    "被北備背倍悲貝杯輩臂卑碑唄狽憊鋇悖孛蓓焙陂碚褙勃鞴鐾庳鵯邶鞁藣苝犕牬盃愂琲珼輩昁蛽唄郥骳貝糒禙鋇狽鉳鵯揹柸桮梖椑鄁軰僃備憊偹俻偝誖",
	"ben":    "本奔笨苯賁坌夯畚錛奙逩坋渀漰泍錛撪捹桳翉楍栟犇倴",
	"beng":   "崩蹦繃不用迸泵嘣甏菶鞛奟埲塴埄琫琣嗙嵭祊鏰鏰甮揼逬痭閍伻綳繃絣蚌",
	"bi":     "比必筆畢避壁秘閉鼻幣彼逼辟臂泌碧弊蔽鄙斃弼痺庇陛璧婢敝匕俾裨荸吡嗶蓖賁襞鉍秕毖愎髀篦睥畀妣篳薜萆芘蓽潷濞蹕嬖狴箅舭鞸蓽萞苾聛驆駜夶髲觱皕腷毴貏賁堛豍珌睤湢滭幤獘斃鄨幣鷩潷沘畢鷝螕蜌啚蹕躃嗶咇罼奰貱畁贔贔怶愊韠躄繴鼊怭屄邲煏熚廦粃襅袐襣禆鰏鏎鐴鉍鰏鮅獙鎞魓柀楅柲榌朼梐篳馝箆筆閉閇閟痺疕疪妼鵖嬶佊偪朇佖饆飶弻彃縪鄪綼毞坒粊詖詖佛拂",
	"bian":   "變便邊遍編辯辨鞭扁貶辮蝙匾卞鯿汴砭弁苄碥忭煸褊窆籩緶鞕藊萹鴘玣覍汳昪峅貶惼炞糄鯾鯿獱猵鍽抃揙牑邉邊釆籩艑箯徧稨閞辡辧辮辯緶編甂変諚變",
	"biao":   "表標彪裱婊飈飆鏢膘鰾俵驃鑣颮髟瘭藨蔈驫驫飆猋嫑磦脿爂臕墂滮淲瀌贆幖飊熛褾錶鑣鏢摽標檦穮儦飇颩颮颷飆諘謤",
	"bie":    "別憋癟鱉蹩虌莂蟞鱉龞彆鱉蛂別襒徶癟",
	"bin":    "賓濱斌彬瀕繽鬢檳殯擯臏邠玢份頻髕豳鑌儐髩鬢鬂臏霦豩璸璸殯頻虨瀕濱濵汃髕賓顮賔鑌擯檳梹椕儐繽",
	"bing":   "並病兵冰餅丙柄炳秉稟屏檳摒邴鞆鞞苪陃靐垪眪昞昺蛃怲庰寎窉鈵鮩鋲鉼掤抦棅栤並並竝偋倂併仒傡餠餅仌氷稟誁",
	"bo":     "波伯播剝博玻勃撥柏脖卜搏泊駁膊舶簿渤簸菠箔跛薄缽鉑僰帛礴餑鈸亳啵檗鵓踣擘葧萡蘗蔔駁駮驋礡盋砵肑胉郣鵓碆浡溊淿謈蹳嚗髉髆嶓懪孹糪愽煿袹襮襏襏鑮鈸鋍鮊餺鮊鱍鉑鎛鎛缽狛猼瓟瓝挬撥欂桲秡缽簙牔馛馞艊癷侼癶仢僠餑餺紴袰譒佛",
	"bu":     "不部步布補捕卜哺埔怖簿埠鈽卟逋晡鈽醭瓿荹蔀埗歨歩堡鳪吥咘踄轐峬悑庯廍補鈽鈽錻鸔抪捗柨鵏篰勏郶佈餔餢誧",
	"ca":     "擦嚓礤遪礸攃",
	"cai":    "才采材財彩菜裁猜蔡踩睬毝埰啋跴財寀採棌婇倸偲綵才縩",
	"can":    "參殘餐慘蠶燦摻慚璨孱粲驂黲薒朁蠶叄參叅驂蝅蠺殘澯湌喰黲慙憯慘慚燦爘穇飡嬠傪儏謲",
	"cang":   "藏蒼倉艙滄臧傖蒼濸滄螥嵢賶鑶獊欌艙凔仺鶬傖倉鶬",
	"cao":    "草操曹槽糙嘈漕螬艚蓸艸騲鼜曺鄵嶆愺慅慒懆褿襙鏪撡肏",
	"ce":     "策測側冊廁柵惻拆萴萴萗蓛厠測畟冊夨惻憡廁粣拺敇筴笧筞簎箣側",
	"cen":    "參岑涔埁嵾篸笒",
	"ceng":   "層曾蹭噌驓嶒層竲",
	"cha":    "差察查茶插叉詫岔剎喳碴嚓楂杈碴汊搽衩奼槎餷鑔鍤猹檫靫垞嗏蹅嵖銟鑔鍤扠剎挿揷査臿秅艖疀奼侘偛餷詧紁詫",
	"chai":   "差柴拆釵豺儕蠆瘥茝芆蠆袃肞祡囆喍釵犲儕訍",
	"chan":   "產顫闡纏禪鏟摻潺饞蟬攙蟾懺諂孱讒巉廛羼嶄蕆驏覘澶躔囅嬋單剗蕆韂苂硟壥剗覘湹瀍瀺潹灛滻滻蟐蟬螹旵囅丳嚵磛幝幨辿嵼懴懺煘鄽燀裧襜酁劖毚鑱鑱鋋鋓獑鏟摻摲攙摌醦棎欃梴艬簅闡閳產剷嬋儳饞儃緾繟纏纒產譂顫諂讒誗讇斺",
	"chang":  "長常場廠唱昌腸償嘗倡暢倘敞淌猖悵嫦娼氅菖昶徜鯧惝萇鬯閶倀萇長镸瓺兏厰腸膓場鼚塲瑺瑒琩瑒仧淐甞嘗暢嚐畼悵韔廠焻裮鋹鱨錩錩鱨鯧椙閶倀仩僘償誯裳",
	"chao":   "朝超潮吵巢抄嘲剿炒鈔綽晁焯耖怊焣眧巣漅鼌鼂罺轈巐煼窲窼觘鈔樔麨牊鄛欩仯仦弨謿訬",
	"che":    "車徹撤扯澈掣尺屮硨坼莗聅硨頙迠瞮蛼唓車爡烢撦硩勶徹偖俥俥",
	"chen":   "稱陳沉晨臣塵趁襯辰嗔琛抻傖讖磣宸郴諶忱齔櫬茞蔯莀莐薼陳螴敶磣敐硶夦墋趂霃齓齔瞋鷐迧曟踸趻嚫軙贂賝愖煁麎塵襯鍖鈂捵栕樄桭梣棽櫬瘎疢儭諶謓訦諃讖沈",
	"cheng":  "成程稱城承誠呈乘懲撐澄秤橙逞丞騁盛瞠鐺塍檉埕琤淨搶蟶裎鋮酲棖荿阷騁騬郕碀脭爯頳赬赬塖堘珹靗珵睈洆浾泟澂牚瀓溗蟶晿畻峸憆悜憕庱宬窚竀鋮鐣鏿鯎掁摚撐挰揨檉棖檙橕棦朾乗筬稱罉穪徎懲娍偁侱饓僜絾緽誠椉",
	"chi":    "吃持池尺赤遲斥齒翅馳恥痴弛熾哧侈嗤叱敕啻飭笞踟柢呎茌褫鴟勅墀蚩蚩豉眵螭魑匙篪瘛媸傺荎妛恥欼馳肔胵腟胣趩赿灻垑漦雴鵄彲彲銐殦齝齒歯瞝懘湁蚇蚳喫噄翤叺貾恜翄遲翨杘遅遟憏迡烾粚熾裭袳鴟鍉卶鉹鉓瓻抶摛攡鶒慗鷘遫麶勑竾箎筂黐痸癡侙伬飭絺訵謘袲誺",
	"chong":  "重充沖蟲崇湧寵憧忡舂銃種茺艟隀憃埫珫沖漴浺蟲蝩蹖嘃罿翀爞崈寵褈銃摏揰衝緟",
	"chou":   "抽籌仇醜愁臭酬疇看綢稠躊惆幬瘳儔讎薵菗遚魗殠矁躊吜疇幬懤燽裯鮘皗搊檮檮醻酧醜椆杽栦籌臰篘嬦丒儔偢犨讐雔雦犫讎綢紬絒詶",
	"chu":    "出處除初礎助楚觸畜儲廚鋤櫥雛躇矗搐芻蜍怵滁黜絀杵躕亍憷樗楮蒢蒭欪犓礎貙臅埱趎耡豠豖珿璴齣齭齼敊處泏濋滀蟵躕嘼歜幮岀廚禇鶵芻雛鋤鉏觸摴斶櫉櫥椘檚榋篨処竐竌閦媰俶儊儲傗絀諔鄐",
	"chuai":  "揣啜踹膪搋膗",
	"chuan":  "傳船穿川串喘椽氚釧舛遄舡巛荈堾玔瑏汌暷踳圌輲歂賗釧猭篅舩僢傳剶鶨",
	"chuang": "創床窗闖瘡愴磢刱噇愴窓窻摐牎牕剙剏闖床瘡刅傸創幢",
	"chui":   "吹垂錘椎炊捶槌陲棰菙腄錘鎚搥桘埀箠龡倕顀",
	"chun":   "春純唇醇蠢淳椿蓴鶉蝽萶萅蓴蒓陙犉唇惷旾瑃睶浱漘滣湻暙輴賰鰆鯙錞鶞槆杶醕櫄橁箺媋偆純鶉",
	"chuo":   "戳綽輟齪啜淖踔辶歠磭辵趠繛齪逴涰嚽踀哾輟惙鑡擉酫婥娖娕餟綽",
	"ci":     "此次差詞刺磁辭雌慈茲瓷賜伺疵呲糍祠茨鶿茦莿薋辝礠辭辤蛓趀珁玼㓨鮆鴜飺泚濨蠀螆跐骴髊賜庛皉朿柌栨齹垐餈鶿鷀甆嬨佌偨佽縒絘詞",
	"cong":   "從匆叢聰蔥囪淙熜琮蓯驄璁樅藂茐蔥蓯孮聦聰聡騘驄瑽瞛潈潀灇潀漗漎蟌暰賩悰愡憁爜叢賨錝鍯怱鏓鏦欉樷樬樅棇徔悤囪徖篵従從婃忩繱誴謥",
	"cou":    "湊腠輳楱湊輳",
	"cu":     "促粗簇醋卒蹙猝蹴徂趣趨蔟殂觕顣脨趗鼀踧踿噈怚憱麤麁橻瘄瘯媨麄縬蹵誎",
	"cuan":   "竄篡攢躥攛爨鑹汆殩躥巑熶竄鑹攛櫕欑簒穳",
	"cui":    "催翠脆粹崔摧萃悴瘁璀啐淬毳榱磪膵膬臎脃脺趡墔琗漼濢啛嵟慛忰翆粋焠襊竁鏙皠槯凗疩伜倅紣縗縗綷顇衰",
	"cun":    "存村寸忖皴吋刌壿邨膥澊踆籿拵竴侟",
	"cuo":    "錯措挫搓撮磋銼蹉矬厝脞鹺鹺嵯痤蔖剒逪莡蒫莝遳蓌瑳虘鹺睉嵳錯鎈銼醝酇酇剉夎",
	"da":     "大打達答搭瘩嗒噠韃沓耷憚靼躂褡怛笪妲薘韃薘剳荅迖羍迏墶墶逹達溚蟽噠迚呾咑眔燵炟匒鎝鐽鎉撘笚龖龘畣繨詚亣畗",
	"dai":    "代帶待袋戴呆貸逮歹岱傣玳怠黛殆迨甙棣呔詒埭毒大紿帶貣黱靆霴靆瑇帯瀻蝳曃蚮蹛跢軩軑軑軚呆懛廗襶鴏簤艜垈帒貸柋侢紿緿",
	"dan":    "但單擔彈蛋淡膽丹旦氮誕耽鄲撣憚疸眈賧澹啖簞膻石萏聃殫癉儋蓞匰耼聸馾駳髧砃腅膽霮玬殫頕単泹鴠啿鄲單噉啗嘾唌嚪黮黕黵帎賧贉刐饏疍憚憺瓭沊褝襌衴窞禫甔觛狚撣抌擔撢酖柦蜑簞躭癉癚媅妉僤伔餤弾彈紞繵訑勯亶誕",
	"dang":   "當黨盪擋檔襠鐺宕噹菪碭凼讜蘯蕩礑碭雼圵趤壋壋璫璫瞊澢灙盪璗當黨瓽潒逿蟷嵣氹愓襠鐺擋攩檔欓簜簹簹艡闣婸儅譡讜",
	"dao":    "到道導倒島刀蹈稻盜搗叨悼禱燾氘捯纛刂忉菿隯隯﨩隝壔翿燾瓙盜螩翢嶹嶌嶋禱禂魛島魛釖擣搗椡槝檤朷稲軇艔衜舠衟導噵辺",
	"de":     "的地得德嘚底鎝悳惪淂鎝棏德恴",
	"dei":    "得嘚",
	"deng":   "等燈登鄧瞪凳澄蹬噔磴戥嶝鐙簦隥墱璒燈鐙櫈艠竳嬁鄧覴豋",
	"di":     "的地第提低底敵帝弟抵遞滴迪堤蒂締笛滌狄嘀諦娣嫡邸詆砥棣碲柢看骶荻覿坻氐鏑糴羝蔕鞮靮蔋苖菧慸遰菂苐蔐藡隄聜阺墬埅馰牴髢磾厎奃腣坘趆覿埞墑豴玓珶眱坔滌螮蝃蝭旳踶蹢嚁呧唙啲軧頔嶳埊廸岻怟鸐焍袛祶禘鉪釱觝鯳鏑摕逓遞掋拞梊杕枤梑樀楴彽秪糴媂僀仾俤偙弤締詆啇敵甋遆諦翟",
	"dia":    "嗲",
	"dian":   "點電典店淀顛殿墊奠甸碘佃滇惦巔癲掂踮玷靛鈿癜阽坫簟蒧蕇驔厧磹顛電墊琔齻奌敁澱蜔蹎跕嚸點敟巔嵮巓壂鈿攧槙椣橂槇癲瘨婰婝傎顚扂",
	"diao":   "掉雕吊釣刁叼調碉凋貂鯛屌銱銚藋蓧奝鼦雿琱瞗汈蛁虭彫鵰窵窵鋽銱錭鑃鯛魡鮉銚釣鈟扚簓竨瘹刟鳭伄弔盄弴調訋",
	"die":    "爹跌疊蝶迭碟諜喋牒堞蹀垤耋鰈瓞戜苵镻胅臷趃耊褺殜眰眣蜨曡螲昳哋咥跮疂氎疊疉畳嵽峌幉惵恎褋鰈挕楪鴩艓牃絰絰諜詄佚",
	"ding":   "定頂丁訂釘盯叮鼎錠啶屁股仃町鋌酊疔碇耵玎靪薡萣艼聢矴磸碠鼑濎蝊虰帄嵿忊顁鐤飣錠釘頂椗奵飣訂",
	"diu":    "丟銩丟銩",
	"dong":   "動東冬洞懂凍董咚棟侗峒恫胴氡鶇硐腖垌崬菄苳蕫駧腖霘鼕埬涷湩蝀昸戙迵崬崠鯟鮗挏氭東鶇鶫棟動徚箽笗凍嬞姛娻倲働諌",
	"dou":    "都斗讀豆抖兜陡逗竇蚪痘瀆吋蔸篼鈄荳阧脰郖毭鬦鬪鬥鬬鬭浢唗唞吺斣竇餖鈄兠梪酘橷枓乧闘閗餖",
	"du":     "度獨讀毒督渡杜肚堵賭嘟篤睹妒都鍍竺犢瀆牘蠹黷闍芏髑櫝靯韇匵荰犢騳皾蠧覩剢瓄琽殰殬裻錖瀆涜黷賭厾韣韥鑟鍍獨贕櫝醏螙篤牘秺凟闍妬嬻豄讀讟読",
	"duan":   "斷段短端鍛緞煅椴籪葮碫腶塅瑖躖耑褍鍴鍛毈籪媏偳緞斷",
	"dui":    "對隊堆兌碓敦追懟鐓憝薱隊陮磓垖塠濧瀩轛憞對懟祋鐓頧鴭痽兊兌綐鐜対譵譈",
	"dun":    "盾頓噸蹲敦鈍墩囤沌遁盹燉躉惇砘礅躉驐犜碷遯逇頓潡蜳噸踲蹾庉燉鈍獤撴伅墪撉",
	"duo":    "多奪朵躲踱度墮惰哆舵跺垛咄掇鐸剁哚柁裰綞墮陏陊刴朶敠毲剟鵽敪鬌奲尮奪垜趓埵畓跥喥嚉崜憜墯剫鐸飿鈬挅挆柮桗椯軃躱敓凙痥夛敓飿綞嚲嚲隋",
	"e":      "額惡俄餓呃鵝扼厄蛾娥峨愕鱷鄂遏萼顎顎訛噩諤婀鍔堊軛屙阿咹鶚苊莪鋨蕚阨鵈娿阸騀頋閼砐砈礘磀硆砨妿堨堮迗豟堊蝁惡琧悪珴顎歺睋湂涐蚅歞噁卾顎咢鶚遌覨遻吪呝軛囮軶岋崿峉峩廅額頞砈匎鑩鍔鰪鱷鱷魤鋨鈋㩵搹皒搤枙櫮齃頟鵝鵞閼妸姶僫偔餓餩譌讍諤戹誐訛哦",
	"ei":     "欸欸",
	"en":     "嗯恩按蒽奀峎煾",
	"er":     "而二兒爾耳餌邇洱貳鮞珥鴯鉺佴荋貳弍薾聏陑毦隭刵駬髶髵耏鴯胹兒趰弐貮邇爾児洏咡唲輀轜峏粫袻鉺鮞樲栮栭爾衈侕尒餌誀",
	"fa":     "發法乏罰伐閥筏砝琺垡藅茷蕟髮髮坺墢琺沷灋浌罸罰峜彂鍅瞂栰橃笩冹疺閥姂佱発發傠",
	"fan":    "反范飯犯翻繁凡泛番煩返販帆藩梵樊蕃礬幡釩畈璠蘩燔蹯匥薠軬颿膰墦凣氾滼瀿盕汎噃輽轓軓販憣忛煩籵畨襎鱕鐇釩払礬蠜鐢棥橎柉杋笲笵籓範勫飜鷭舧舤凢瀪緐羳嬎嬏奿仮飯飰繙旙旛訉拚",
	"fang":   "方放房防仿訪芳紡妨肪坊彷舫魴鍅匚枋邡牥髣眆淓汸昘昉蚄趽錺魴鍅堏倣鶭紡瓬鴋旊訪",
	"fei":    "非飛費肥廢肺匪菲沸啡妃吠斐翡誹緋蜚扉霏腓痱悱芾榧狒淝鯡鐨鐨篚萉蕜陫騑騛厞朏蜰鼣胇靅奜猆靟剕棐婓餥渄濷蟦暃昲曊胐屝飛飝廃廢裶鯡鐨杮櫠馡癈疿婔俷緋費誹",
	"fen":    "分份奮粉紛憤氛芬糞墳焚吩酚忿汾雰玢鼢瀵鱝棼僨蕡棻蒶隫奮膹朌鼖墳豶豶瞓濆昐蚡轒幩帉岎憤翂燌黺糞黂衯鐼鱝魵獖鈖橨梤燓枌馩馚躮秎羵朆竕羒妢僨弅餴饙蚠炃紛訜",
	"feng":   "風封豐鋒峰奉鳳縫蜂馮逢瘋諷楓灃烽俸碸葑唪酆飌蘴碸堼犎霻靊堸鴌琒盽湗灃溄浲漨渢渢鄷豐崶賵賵峰焨煈寷鎽鋒鏠猦摓檒桻覂楓麷夆蠭篈艂馮瘋妦仹凮凨凬鳳僼鳯風偑綘縫諷",
	"fo":     "佛坲梻仏",
	"fou":    "否不缶鴀雬殕缹缻妚紑",
	"fu":     "復服夫富府父負副福婦附符付幅伏浮腐腹傅扶輻膚撫覆輔賦赴甫縛弗咐俯俘孵拂斧敷脯腑袱芙氟孚蝠阜匐麩釜涪馥鳧駙茯訃蝮蚨苻呋罘稃芾跗拊茀趺伕鄜莩菔莩阝砩郛滏蜉嘸幞賻賻怫黻黼祓鰒鮒桴紱艴紼荂芣葍萯荴蕧駙髴砆鵩胕韍垘坿邞琈豧玞畐鶝鬴巿玸鳺膚虙澓洑泭蝜蜅蚹蚥哹踾嘸咈罦輻畉輔輹賦帗賻岪翇韍烰粰糐焤炥冨袚褔衭襆複袝襥禣祔鍢鈇頫負鰒鳧鮲鮒鮄鍑鳬鉜鉘捬撫郙棴尃酜枎盙乶椨榑椱覄栿柎麬麩麱柫旉懯箙筟甶蛗峊鴔簠秿復稪艀彿笰乀竎癁娐妋嬔婏媍婦怤姇釡俛偩俌颫紱綒綍刜縛緮絥弣紨紼諨訃詂佛",
	"ga":     "嘎伽尬噶旮咖夾尕尜釓嘠錷釓魀玍",
	"gai":    "改該概蓋鈣溉芥丐垓賅戤陔葢蓋荄瓂豥漑晐畡乢峐賅忋祴鈣匃匄摡槩槪姟侅絠絯郂賌該",
	"gan":    "感趕敢甘杆干肝乾柑竿贛尷苷稈橄坩擀紺酐泔玕灨旰矸澉淦疳芉皯尷尲趕幹幹倝迀鳱攼尶盰澸漧汵骭忓粓衦鱤鱤魐檊桿簳稈筸贑贛凎仠凲紺詌",
	"gang":   "剛鋼港綱崗槓缸岡扛肛戇罡筻犅牨矼堽堈崗剛岡焵焹釭鎠鋼摃掆槓棡罁疘冮戅戇綱",
	"gao":    "高告搞稿膏糕羔鎬篙睪皋誥槁藁鋯杲縞槔郜菒藳夰鼛櫜峼韟祮祰禞鋯鎬鷎皐槹橰檺勂告臯鷱筶餻縞髙槀稾稁誥",
	"ge":     "個合各革格歌哥隔割葛閣戈胳頜鴿擱咯疙蛤骼鉻膈嗝鎘圪鬲硌蓋哿塥虼袼搿舸鞈戓茖呄牫騔肐臵鞷滆滒蛒嗰轕輵愅韚韐裓觡鎘亇餎鴚鮯鎶獦鉻犵匌挌擱槅戨櫊敋個笴閣鴿個佫佮彁諽謌",
	"gei":    "給給",
	"gen":    "根跟亘艮茛哏亙揯搄",
	"geng":   "更耕耿庚梗哽埂羹賡頸鯁綆莄菮堩刯郠浭畊骾峺焿鶊賡鶊鯁挭椩羮絚綆緪縆",
	"gong":   "工公共功供攻宮貢鞏弓恭拱躬龔汞蚣珙肱紅廾觥慐貢拲鞏碽厷髸塨嗊嗊輁幊愩熕宮觵匔匑栱杛篢躳龏龔侊糼糿",
	"gou":    "構夠句購狗溝勾鉤拘苟垢篝枸媾佝詬笱岣鞲遘覯彀緱冓覯芶豿撀坸耇耉耈玽溝蚼啂購韝煹褠袧雊鉤鉤夠搆構簼痀姤緱訽詬",
	"gu":     "古故固顧姑骨鼓股谷孤估雇咕呱辜菇沽錮賈鈷梏臌箍蛄汩蠱軲詁牯崮鴣鶻瞽痼鯝轂菰牿嘏罟觚酤巭薣盬蓇苽巬夃尳鴣脵皷鼔堌皼穀穀糓轂濲瀔淈泒蠱啒唃唂軲罛軱鶻崓愲祻鈷錮餶鮕鯝鈲扢橭棝榾柧杚箛稒笟篐凅羖嫴傦餶逧僱縎詁顧",
	"gua":    "掛瓜寡刮褂呱卦剮胍鴰括栝詿劀騧趏坬颪啩踻叧罣冎剮歄煱掛桰鴰颳絓緺詿",
	"guai":   "怪拐乖罫恠叏夬枴枴箉",
	"guan":   "關觀管官慣館貫冠灌罐棺斡倌綸矜盥莞鰥鸛摜涫鸛觀雚蒄覌礶瓘璭琯矔卝泴潅丱躀輨悺慣爟悹窤祼鑵䲘鱹鱞鰥錧鏆摜欟樌罆観筦癏瘝痯関關闗館館遦貫毌",
	"guang":  "光廣逛胱獷潢咣桄茪黆炗垙珖洸炚輄臦臩廣烡広灮炛銧獷姯僙俇",
	"gui":    "規貴歸鬼桂軌櫃矽龜跪瑰閨詭傀匱圭劊檜鮭癸皈炅鱖珪匭眭晷劌庋宄簋媯茥鞼匭蓕蘬陒雟騩厬胿攰邽郌垝昋鬹規槼嫢璝鬹槼瓌劌瞡瞶瞶氿湀蟡蛫螝貴軌巂嶲恑庪廆袿襘祪禬鑎觤亀鐀鱖鮭鱥猤摫撌櫃槻樻槶槶櫷檜筀歸龜攱閨癐媯姽媯劊佹詭帰",
	"gun":    "滾棍輥袞磙丨鯀緄蓘蔉睔滾輥惃鯀鮌袞緄緷謴",
	"guo":    "國過果郭鍋裹蟈堝幗聒虢槨膕粿摑蜾崞猓馘菓蔮聝腂膕堝墎淉漍濄蟈褁嘓嘓國囯輠囻囶圀幗過惈慖鈛鍋鐹餜懖摑楇槨簂瘑餜彉綶彍渦",
	"ha":     "哈蛤蝦鉿鉿紦",
	"hai":    "還海孩害嗨亥駭咳氦嗐骸胲醢駴駭塰咍烸酼妎饚餀",
	"han":    "含漢喊寒汗旱韓函涵罕憾焊憨翰撼邯悍捍酣瀚鼾蚶頷晗菡犴旰頇焓廠邗撖蔊莟顄凾圅馯駻厈丆爳頇垾韓螒鶾雗琀睅甝漢涆澏浫浛暵蜬虷晘蜭蛿哻唅輚崡嵅屽熯釬銲魽鋎猂鋡扞皔梒馠筨兯閈閈嫨娢傼佄谽豃頷譀",
	"hang":   "行航杭巷夯沆吭絎頏苀垳蚢貥裄魧筕笐絎斻頏迒",
	"hao":    "好號毫耗豪浩郝壕嚎皓鎬蒿嗥濠昊貉薅顥灝蚝嚆薃茠薧聕毜淏灝澔滈昦暤暭晧曍顥暠蠔號噑哠嘷乚悎鰝獆獔獋皞皡皥皜椃秏籇竓恏侴傐儫鄗譹皋",
	"he":     "和合何河呵核喝荷嚇賀赫盒頜褐鶴禾嗬壑訶涸閡闔劾貉龢翮菏蓋盍曷紇蠚鞨萂碋礉盇賀貈靏靎垎靍鸖齕齕澕渮螛毼鶡鶡嚇啝咊哬嗃峆翯煂熆爀焃籺粭熇燺袔寉鶴鑉釛魺餄魺狢鉌皬抲楁覈柇麧篕惒盉闔癋閤閡姀郃敆頜欱餄紇鶮訶訸詥謞苛",
	"hei":    "黑嘿嗨潶黒",
	"hen":    "很恨狠痕鞎拫佷詪",
	"heng":   "衡橫恆哼亨珩鴴蘅桁胻脝涥啈恆悙烆鑅撗橫鴴鵆姮",
	"hong":   "紅洪宏轟鴻哄虹烘弘泓竑訇訌閎薨蕻葒黌鞃葓葒苰耾硔翃硡黌垬霟霐玒沗玜鬨澒鴻汯渱潂浤渹晎叿吰呍嚝軣轟輷屸羾灴粠焢翝宖銾鉷鈜魟鋐鍧撔揈篊閧闀閎竤闂妅娂仜谾谹谼紅紘紘彋綋紭訌",
	"hou":    "後候厚猴侯喉吼逅篌齁骺堠鱟餱後瘊茩葔鱟豞睺洉吽帿翵翭矦鮜鮜鯸銗犼鍭郈垕鄇餱",
	"hu":     "互乎護呼戶忽胡湖虎糊弧狐壺滬蝴葫瑚滸惚唬扈琥瓠囫鵠唿斛祜滹鄠鶘醐猢和許核觳虍軤岵怙煳烀鸌槲笏冱戽芐萀蔛匢匫苸蔰鬍鶘鶦綔瓳怘膴豰壺嗀縠螜壷垀雽戸虖歑虝雐鍙瀫沍淴汻泘滬滸昒昈嘑嘝嚛喖軤幠恗焀熩粐寣隺鍸鱯錿鱯鸌鰗魱鯱曶乕摢抇搰楜枑槴箶衚頶鵠戶乯簄頀媩嫮嫭婟俿餬弖絗護謼帍鳸戲",
	"hua":    "化話花劃畫華滑嘩樺猾鏵驊砉華鷨蕐黊蘤蒊驊硴夻磆埖澅螖嘩呚崋糀鏵錵觟釫釪鋘撶摦搳樺椛槬枠杹舙嬅婲畵畫劃嫿姡嫿繣譁誮諣諙話譮豁",
	"huai":   "壞懷淮槐徊踝蘾蘹壊耲壞瀤咶懐懷櫰褱褢",
	"huan":   "還環換歡緩患幻喚煥寰桓瘓宦渙豢獾浣奐洹圜鬟䴉垸萑漶逭鍰鯇擐繯荁萈酄歡藧驩貛貆肒堚豲瓛環瑍雈睆澣澴渙嚾喛喚還轘嵈峘鴅懽愌糫煥鵍寏鍰鐶鐶奐烉鰀鯶鯇獂狟犿攌換梙槵歓闤闤羦瘓孉嬛緩絙繯綄讙",
	"huang":  "黃皇荒慌晃煌惶簧謊恍蝗磺凰隍幌徨潢璜湟肓篁蟥遑鰉癀黃鷬葟騜奛墴塃趪堭瑝兤滉曂晄喤崲愰怳熿熀炾宺鐄鎤鱑鰉鍠鍠獚皝皩揘榥櫎楻穔艎韹媓偟餭縨謊朚巟衁諻詤",
	"hui":    "會回揮灰匯繪恢輝毀慧惠悔潰徽諱卉穢賄晦詼彗暉蛔檜誨喙洄薈琿蕙燴茴睢迴麾咴隳恚虺蟪繢蘳蔧薉匯藱薈隓芔靧毀毇噕璤恵豗璯睳顪翽瞺頮頮滙湏洃泋潓輝濊瀈蛕暳蚘蜖暉嚖嘒噅囬廽逥圚廻屷賄囘翽屶懳憓恛翬翬烠烣燬煇燴寭褘褘禈鏸鐬灳鮰獩拻撝揮櫘槥檓橞檅楎篲穢鰴幑徻闠闠痐瘣彚媈嬒婎僡會佪儶餯繢彙絵繪譿詼譭譓諱詯誨墮",
	"hun":    "婚混昏魂渾棍葷餛琿諢溷閽葷蔒鼲琿殙睴睧尡渾涽圂慁轋昬睯忶惛焝觨掍棔閽婫倱俒餛諢",
	"huo":    "和活或火獲貨伙惑霍禍豁夥蠖嚯鑊藿劐耠灬鈥鍃攉韄蒦騞奯剨臛耯靃眓矆矐濩湱瀖沎漷曤嚄嚿喐咟吙旤雘邩煷窢禍鑊鈥鍃獲掝擭捇檴穫秮秳艧秴癨閄彠彠佸俰貨謋",
	"ji":     "機幾基己期濟及級計即極技記集際積紀急激既繼擊奇季雞跡劑輯績吉寄疾擠肌籍祭寂脊飢忌冀藉稽畸棘鯽嘰圾嫉姬譏妓汲系伎緝唧驥羈髻悸瘠箕暨磯麂岌薊亟戟躋詰犄薺稷畿霽嵇嵴屐蒺覬笈璣楫偈鱀勣芨咭其齊芰蕺剞齎殛乩洎蟣戢跽嚌墼鱭掎笄彐佶齏蘎鞿蘻蘮葪薊茤旡蕀蔇虀薺焏際隮﨤驥鳮朞卙惎諅磼磯雞膌鷄雞叝趌塉郆霵賷坖耤耭垍賫霽璣璾茍湒濈瀱漃泲鶺鶺漈潗済濟螏蝍暩蟣嗘踖躤踑蹟蹐躋跡喞嘰嚌羇羈轚擊檕罽輯毄繋撃覬嶯忣丮鵋愱懻妀庴廭襀襋禝禨錤觙觭銈銡魢鍓魥鰿魝魢鯚鯽鰶鱭鑙犱鏶鐖鑇撠刏鬾魕裚揤曁旣皀卽皍擠鸄覉覊極樭橶枅檝梞槣槉楖檵機櫅彶嵆徛簊稘筓積臮箿稩躸刉艥鷑穊穄穖穧兾痵癪癠塈堲姞伋亼偮飢饑谻僟亽雧級綨績緁緝紀彑継紒幾繼計韲齏剤劑齎齌記誋譤譏給",
	"jia":    "家加價假架甲夾佳嫁駕嘉賈鉀稼頰伽挾迦枷莢戛拮浹胛袈痂頡鎵岬笳珈蛺跏瘕袷葭恝郟鋏莢斚犌戞郟夾頰鵊脥駕毠乫鴐腵貑鴶耞圿豭玾頬浹泇蛺唊斝幏叚忦糘麚裌鋏鉫鉀鎵猳拁抸扴榎梜賈椵榢檟檟徦婽傢價",
	"jian":   "間見建件堅簡漸減檢踐健尖監艱鍵肩兼鑒淺箭鹼剪劍艦奸殲儉揀薦賤繭柬撿煎濺澗諫瞼塹腱毽箋緘餞鹼翦犍謇鰹僭鐧縑囝韉菅蒹戔戩湔趼踺蹇襉搛梘楗筧鶼牮譾戔韉靬韀鞬堅監鋻鍳鑒譼虃囏艱蔪繭薦藆蕑蕳葌菺礷碊礛鬋礀磵礆鹼麉趝墹鳽雃戩臶開瑊珔豜豣殱殲瑐蠒玪鹸鹻鹼見瞷睷瞼瀳減洊瀐漸濺瀽澗湕瀸暕鵑踐跈轞賤賎帴惤熞熸糋寋弿襺袸襉襇鑑鑬鰜鏩鰹鰔鰜鰎鑳猏鐗鐧鍵鐱鑯挸揀擶揃撿樫檻椷栫榗梘椾検檢櫼箋牋筧馢籛籛艦簡徤覵間覸冿鶼姧姦俴剣劍劎剱劒劔餞餰倹儉緘絸繝彅縑諓譛鵳諫譾謭旔詃檻",
	"jiang":  "將講江降獎蔣港匠疆漿姜僵醬槳韁絳犟強茳礓耩豇洚糨匞韁薑顜葁蔣膙塂壃畺殭滰疅畕嵹翞糡鱂鱂摪摾橿櫤夅奨醤奬獎醬漿螿螿槳將傋韁勥謽絳弜弶講",
	"jiao":   "教叫較交覺角腳焦膠郊繳驕嬌轎攪澆嚼校剿礁椒矯狡絞蕉酵窖餃跤佼僥皎蛟茭醮姣鉸湫鮫嶠艽噍撟敫徼僬鷦茮斠藠驕膠腳膲趭璬珓灚澆漖滘潐曒蟜暞晈蟭踋劋嘂嘄噭呌嘦轇轎較嶠峧賋嶕嶣憿憍煍烄燋窌鱎鮫獥鉸鐎敎皭攪撹皦撟捁挍摷譥釂敽鷮敿矯徺臫笅穚簥筊虠鵁勦嬓嬌孂僥龣儌餃鷦燞繳纐絞訆譑",
	"jie":    "結解接階界價節介姐借街揭屆潔傑截皆戒捷竭劫桔藉誡秸睫楷芥婕拮孑詰疥嗟頡癤桀碣羯訐偈蚧毑袷家她卩喈骱鮚鞊鞂蓵菨莭階卪岊犗礍镼砎脻丯刦刧刼頡劼迼堺堦琾疌玠潔尐滐蠽湝昅蛶蠘蜐蛣蝔唶踕跲喼吤畍嶻崨幯巀嵥岕悈屆庎煯衱袺褯衸觧鉣鍻鎅鮚魪狤擮掲擑掶搩杢楬楐檞桝榤椄徣節蠞稭楶癤痎媎媫嫅媘倢偼傑飷結鶛誡訐詰誱謯",
	"jin":    "進金今近僅緊盡禁勁津斤晉錦浸筋巾謹襟靳矜瑾燼噤縉覲饉堇藎卺贐廑衿釒槿妗蓳荕菫緊覲歏黅藎巹矝厪砛墐壗晉璡瑨殣琻勁珒璶璡齽鹶漌溍濜濅堻濜唫嚍贐惍煡燼寖祲觔釿錦釒劤搢枃凚嫤盡賮嬧僅仐侭伒僸饉儘進縉紟謹",
	"jing":   "經精境京靜竟驚景睛鏡徑警晶勁競淨敬井頸莖鯨荊靖兢痙憬涇菁粳阱脛腈逕旌璟儆箐剄肼靚獍婧弳荊莖葏蟼憼驚聙頚脛鼱坓汬丼璥靜靚鶄殌璄巠剄頸鵛逕坙梷淨汫瀞涇澋浄曔暻踁幜麠麖宑穽鯨猄鏡坕桱橸稉徑秔淨痙竸競竫竧妌婙婛俓傹経弳經綡鶁亰旍誩",
	"jiong":  "炯窘迥炅熲冂扃蘏蘔褧駫駉澃坰埛煛泂浻煚囧冋冏燛烱逈僒侰絅綗熲顈",
	"jiu":    "就究九久舊酒救糾舅揪灸疚臼鳩廄赳韭咎桕啾柩鷲鬏玖鬮僦匶萛韮匛舊牞镹慦殧齨鬮汣丩乆廏廄廄麔鯦勼匓捄摎揂欍柾朻樛杦舏揫鳩奺倃糾乣糺紤鷲",
	"ju":     "具據局舉劇句居巨距聚拒櫃菊矩懼俱拘桔咀鋸鞠橘踞駒沮瞿炬踽疽遽掬枸颶榘苣裾齟櫸倨狙鉅莒且車苴鞫犋雎琚屨窶鋦醵椐詎蘜乬巪蒟輂埾陱聥犑駏驧駶駒砠舉擧鴡貗腒鼳鼰毩毱弆壉趜埧耟歫齟郹鶪狊勮豦劇愳虡眗洰挙湨澽涺泦泃淗趄昛蚷蜛蹫跙躆跼跔踘啹罝巈岠岨崌鵙怇鶋懅懼屨凥烥粔焗粷寠袓襷窶鉅鐻邭鋸鋦鮔匊鮈鵴據挶抅拠檋櫸欅椇梮椈秬簴筥躹艍閰姖娵婮婅倶侷颶繘詎諊渠",
	"juan":   "卷倦捐圈娟鵑絹眷涓鐫蠲鄄狷錈桊蔨菤奆朘腃臇埍睊睠淃瓹呟罥羂脧惓慻焆裐雋鋑獧錈鎸鐫捲勌劵帣巻餋弮勬絭姢絹讂",
	"jue":    "決覺絕掘嚼爵訣厥倔攫崛蕨獗撅噘抉钁蹶譎角孓噱橛珏矍鱖桷钁劂爝觖匷芵蕝孒矡駃砄蹷蟨憠鷢橜臄貜覺趉赽瑴玨玦亅覐決覚泬灍蟩蚗虳噊躩趹爴嶡嶥崫憰戄屩屫刔鴂爑熦焳氒鐍鐝觼觮鈌鴃玃挗捔撧櫭欮疦瘚弡彏絶絕譎斍訣",
	"jun":    "軍均菌君俊峻鈞郡駿竣雋浚筠麇儁皸捃莙葰陖皹駿鵕碅埈珺濬汮晙蜠蚐呁畯賐懏燇麏麕皸軍袀寯鮶銞餕鵔鮶鍕銁鈞攈攟棞桾箟箘姰頵鵘覠餕雋龜",
	"ka":     "卡喀咖咯喀佧胩垰裃鉲",
	"kai":    "開凱慨愷揩楷鎧愾闓鍇豈蒈塏剴鉲奒塏暟嘅輆剴颽凱嵦愷愾炌烗鎧鎎鉲鍇開闓勓欬",
	"kan":    "看刊堪砍坎勘嵌侃檻瞰龕闞磡戡莰凵顑歁墈栞鬫矙轗輡嵁崁惂冚欿衎竷闞龕偘",
	"kang":   "抗康炕扛慷亢糠鱇伉鈧閌匟砊漮囥嵻忼粇鏮犺鈧槺躿穅閌嫝邟",
	"kao":    "考靠烤銬拷犒尻栲攷丂洘嵪銬鮳鮳鯌髛",
	"ke":     "可科克客刻課顆殼棵渴咳柯磕苛坷瞌窠蝌軻頦恪稞髁珂氪緙岢嗑剋尅呵騍溘蚵錁鈳疴薖萪匼騍牱犐礚碦勊勀砢堁殼殻渇顆敤趷礊軻嶱嵑嵙峇愘炣愙錁翗鈳搕揢榼醘衉艐痾牁娔樖緙課頦",
	"kei":    "剋尅",
	"ken":    "肯懇墾啃齦裉硍墾懇貇豤肻肎褃錹掯",
	"keng":   "坑吭鏗硻阬牼硜硜鏗鍞銵摼挳妔誙劥",
	"kong":   "空控孔恐箜倥崆鞚硿埪涳悾鵼錓躻",
	"kou":    "口扣寇叩摳佝蔻芤瞘筘剾蔲瞉鷇瞘滱怐冦宼窛釦敂摳劶簆彄",
	"ku":     "苦哭庫枯褲酷窟挎骷絝袴刳堀嚳郀矻嚳跍圐庫廤焅褲鮬狜楛桍秙瘔俈絝",
	"kua":    "跨夸垮挎胯侉咵趶骻銙舿姱誇",
	"kuai":   "會快塊筷膾儈獪噲蒯澮鄶巜膾凷墤塊圦欳澮噲廥糩鱠鱠獪擓鄶儈旝",
	"kuan":   "款寬髖臗髖寛寬窾窽鑧歀梡欵",
	"kuang":  "況礦狂框曠筐眶匡鄺哐壙誑劻夼貺貺纊誆匩邼硄礦砿壙眖矌洭黋況曠昿軭軖軦軠岲貺恇忹懭鄺懬爌鋛鑛鉱鵟狅抂筺穬儣絖纊絋誆誑",
	"kui":    "虧潰愧奎魁饋葵窺盔傀匱逵夔喟睽喹聵揆簣巋馗蕢蝰暌跬悝憒蘷藈匱蕢虁聵聭聧騤騤犪尯磈膭頍刲殨虧潰晆躨蹞嘳顝巋巙憒煃窺頯鍷鍨楏櫆楑籄簣闚嬇媿戣鄈饋餽謉",
	"kun":    "困昆捆坤錕崑鯤琨髡堃醌悃閫菎騉髨髠硱堒壼壼瑻睏涃潉蜫晜鵾鵾崐焜熴鶤裩裍褌褌祵錕鯤猑梱稇稛閸閫綑",
	"kuo":    "括擴闊廓蛞鞟鞹萿葀髺鬠霩濶韕挄擴拡頢筈闊",
	"la":     "拉啦臘辣蠟落喇垃剌旯邋砬瘌藞鞡菈鬎磖臈臘瓎溂蝋蝲蠟嚹翋爉鯻鑞鑞搚揦攋揧辢楋櫴柆",
	"lai":    "來賴萊癩睞籟徠淶崍癘唻賚瀨錸藾萊騋琜睞瀨瀬淶崍庲襰鯠錸猍棶頼賴鵣棶郲來賚顂鶆逨麳筙籟徠箂癩婡倈倈",
	"lan":    "蘭藍爛覽籃欄攔懶濫攬瀾婪嵐纜闌欖斕襤啉讕鑭灠罱藍韊覧覽擥蘫蘭葻壈璼瓓灆濫灠灡浨瀾嚂囒躝幱嵐懢懶惏爁爦爤糷顲燗爛燷燣襤襽襴襴钄鑭攬攔欖欗醂欄籃籣闌孏嬾孄儖繿纜譋斕讕",
	"lang":   "浪朗郎狼廊琅螂啷榔鎯莨閬蒗鋃稂蓈蓢硠朤朖埌瑯蜋崀烺鋃樃桹躴艆筤閬嫏郞塱勆郒欴斏誏",
	"lao":    "老勞落牢絡撈姥烙嘮澇佬潦癆酪嶗醪樂耮鐒銠栳荖硓磱嗠朥耮耂珯澇労浶蛯蟧咾嘮哰轑嶗恅憦顟粩勞憥窂銠鮱鐒狫撈橯躼軂簩癆嫪僗髝",
	"le":     "了樂勒肋仂嘞鰳泐叻艻阞砳玏氻忇鰳鱳扐楽樂簕竻韷餎",
	"lei":    "類累雷淚勒蕾壘肋擂磊儡鐳耒羸嘞檑酹嫘縲縲誄蕌蘲虆藟蘽虆蘱絫厽礌礧磥鼺靁頛瓃矋洡灅涙淚蠝塁罍礨壘壨畾纍轠鸓櫐類頪纇纇禷鐳銇鑸鑘鱩錑攂欙櫑樏癗儽傫纝縲誄讄",
	"leng":   "冷愣楞稜塄薐碐堎睖踜唥稜倰",
	"li":     "裡理力利立例離歷李禮麗粒隸哩璃勵黎厲厘梨莉吏栗犁鯉狸礫瀝荔籬漓笠蠣痢俐鋰俚靂邐戾鎘罹櫟蠡儷藜鸝驪礪蜊黧娌蒞猁癘傈唳溧癧慄醴砬喱鬲藶澧蘺壢嫠酈嚦躒轢詈糲鱺鱧櫪篥縭藶蒚蒞荲蔾菞苙茘蘺犡驪勵厲礪礰鬁砅礫歴暦厯磿歷厤曆貍蠫脷壢靂隷赲靋塛孷釐剺斄瓑珕蟸叓酈鸝邐婯麗瓅瑮琍瓈睙濿瀝浬浰沴涖灕蠇曞蠣蛠蝷蚸蟍蜧嚦囇躒唎嚟囄轣轢豐巁屴峛峢峲岦悧悷爄糲糎爏廲粴麜裡褵禲禮觻鋰鱱鳨鱺鯉鱧鯏鏫鑗鉝瓥攊攦擽皪搮攭櫔櫪栛朸隸欐醨栃檪櫟鷅梸欚棙樆穲悡鋫犂睝鯬鵹邌錅棃剓筣秝艃籬癘竰癧鴗凓孋娳刕儮儷劙盠盭纚綟縭讈裡離謧",
	"lia":    "倆",
	"lian":   "聯連臉練煉戀蓮憐鏈廉簾斂鐮鰱漣殮濂槤奩褳瀲楝蘞臁璉璉蠊襝匲蓮薕萰蘞匳蘝聨聫聯聮奩鬑磏臉覝堜鄻璉殮瑓瀮漣湅濓溓瀲澰螊蹥嗹噒連慩翴憐燫煉劆熑褳襝鏈鰱鰊鐮錬鍊鎌摙櫣槤簾籢籨亷羷嫾嬚媡斂歛僆縺練纞謰戀",
	"liang":  "兩量亮良糧梁倆涼輛諒粱踉晾靚莨墚魎椋駺脼兩両涼湸蜽啢啢喨哴輌輛輬輬悢糧裲鍄掚魎樑倆倞俍緉諒",
	"liao":   "了料療遼僚聊廖繚寥撩燎撂瞭繆嘹潦寮鐐蓼獠尥鷯釕藔镽尞鷯遼膫璙敹漻暸蟟曢蹽蹘嶚嶛髎嵺賿憭憀屪鄝廫膋爎炓窷竂釕鐐爒橑簝療嫽尦飉豂繚",
	"lie":    "列烈裂獵劣咧冽趔鬣埒洌躐捩茢聗犣鬛脟埓劽烮鮤鴷迾姴浖毟蛚哷煭鱲猟獵挒挘擸栵巤颲儠",
	"lin":    "林臨鄰磷淋鱗霖麟琳拎凜吝粼賃藺躪嶙啉璘廩檁遴膦瞵轔轔懍臨菻藺隣阾厸驎碄壣瀶潾澟暽晽躪蹸躙轥疄轔崊恡悋懍燐鄰粦亃翷斴甐麐廩冧鱗鏻獜撛橉檁箖焛閵癝凜癛僯賃繗綝",
	"ling":   "領另令靈零齡嶺鈴玲凌陵稜菱伶苓聆翎綾羚鯪呤櫺蛉囹瓴酃泠柃蘦蕶蔆蓤駖砱朎霊霗龗霝孁靈夌坽霛琌齡羐鹷齢澪淩昤跉輘軨崚岺嶺爧燯炩麢裬袊祾錂鯪魿狑鈴掕皊櫺欞醽舲彾秢笭衑竛閝婈姈鴒刢領鴒綾紷詅〇",
	"liu":    "流六留劉硫柳溜瘤碌榴餾琉瀏綹蹓遛鏐騮鎏鷚熘鎦鋶旒蓅藰蒥驑駵駠騮磟磂塯霤璢畱鬸珋瑠澑畄瀏瑬蟉嚠疁罶嵧羀懰鷚翏雡熮廇麍裗鐂鏐鰡鎦鋶鶹劉鶹橊桺栁桞橮癅嬼媹飀飂飀飅餾綹斿旈",
	"long":   "龍隆籠壟攏朧聾嚨隴窿瓏壠弄礱蘢櫳滝矓瀧癃蘢隴龓尨礲朧霳鏧壠靇瓏矓漋湰瀧曨曨蠬哢躘嚨嶐巃巄贚爖襱竉鑨攏梇櫳槞徿籠篭聾礱龍壟龒蠪驡鸗竜儱豅",
	"lou":    "露樓漏陋摟嘍簍婁鏤僂髏螻瘺耬蔞嶁鞻蔞塿耬剅瞜漊漊螻嘍婁甊遱鷜髏嶁屚慺廔熡鏤摟樓簍軁艛瘻瘺謱",
	"lu":     "路陸綠露錄魯爐盧蘆鹿碌祿鹵虜廬嚕麓顱漉轆擄六賂鷺戮瀘櫓璐潞鱸擼蓼籙轤臚壚氌鸕淥輅鎦櫨簏艫逯虂蘆蓾蕗蔍菉陸騼騄馿磠磠硉臚膔氌壚塷趢塶圥勎坴鵱瓐璷琭矑虜盧顱鸕鹵睩淕瀘滷瀂瀂淥曥蠦螰踛嚧蹗鷺嚕黸轤轆輅髗賂峍勠剹廬爐廘熝粶祿錴鐪鑪鏀鏴鯥鱸魯鴼鵦鏕魲鎦獹録錄鈩擄攎摝擼醁櫨樐樚櫓椂枦甪罏稑籚簬簵穋簶穞籙艣艫艪舮盝娽僇侓纑彔謢玈",
	"luan":   "亂卵攣巒灤鸞孿欒鑾臠孌虊亂灤羉圞圝釠癴癵鵉孿奱灓曫巒鸞鑾攣欒孌臠",
	"lun":    "論輪倫侖淪綸掄圇崙菕芲陯磮碖腀耣埨淪溣蜦踚圇輪崘惀鯩錀掄棆稐婨侖倫綸論",
	"luo":    "落羅邏洛絡螺裸蘿鑼駱烙騾囉珞籮摞捋倮瘰玀硌犖腡漯濼鏍欏雒蠃蘿蓏騾駱硦覶頱腡覼濼曪囉囖邏羅峈犖鏍鑼鮥玀攞欏洜鵅籮躶笿癳儸饠纙絡驘臝鸁詻剆咯",
	"lv":     "律率綠慮旅氯鋁履呂捋驢濾侶屢縷櫚褸僂閭穭膂藘葎驢膢膟垏勴慮濾郘呂氀嵂屢爈焒褸祣鑢鋁捛挔櫖梠櫚穭箻閭儢侶僂絽縷綠綠繂膐",
	"lve":    "略掠鋝寽畧圙鋢鋝稤",
	"ma":     "馬嗎媽麻嘛罵碼抹瑪螞蟆獁嫲嗎榪蟇蔴馬遤碼鬕瑪睰溤螞嗎罵嘜罵犘禡禡鎷鰢鷌獁榪痲痲閁媽傌摩",
	"mai":    "買賣麥脈埋邁霾蕒勱嘜薶勱邁蕒脈霢霢賣売嘪鷶買麥衇佅",
	"man":    "滿慢漫曼蠻瞞蔓饅蟎幔縵鰻謾顢墁埋鞔熳鏝顢蔄蘰鬗鬘瞞満滿澷蟎鄤慲屘悗襔鏋鏝鰻獌摱樠槾姏娨嫚僈饅縵謾矕蠻",
	"mang":   "忙盲茫芒氓莽蟒鋩牤邙硭漭莾蘉茻牻駹厖硥壾盳浝汒蠎蛖哤恾庬鋩狵釯杧笀痝娏杗吂",
	"mao":    "毛矛貌冒貿帽貓茂茅髦瑁錨氂鉚卯懋袤昴峁眊茆瞀蟊蝥耄泖旄蓩鶜芼鄚萺堥暓愗髳沒有貓覒氂犛渵冐毷蝐罞軞冃戼錨夘鉾鉚乮鄮貿皃楙柕枆酕笷媢",
	"me":     "嗎濹嚰嚒",
	"mei":    "沒美每妹梅煤眉霉媒枚酶鎂媚魅玫昧莓糜楣寐湄嵋袂浼鶥鋂猸葿苺脄腜脢堳坆瑂珻眛睸湈沬沒渼蝞跊嚜槑黣嵄郿鶥韎煝塺燘禖祙鋂鋂鎂抺攗鬽挴楳栂躾黴徾篃每羙凂痗媺嬍媄睂旀",
	"men":    "們門悶瞞懣捫汶燜鍆虋菛璊玧懣暪穈燜鍆捫椚門悶閅們",
	"meng":   "夢蒙猛盟孟萌朦氓錳懵蟒勐檬濛蜢虻蠓矇瞢甍礞艨艋鄸顭夢莔氋鸏鸏蕄靀霿霥矒溕曚甿幪懜懞冡鼆錳鯭鯍獴掹擝橗癦儚饛鄳夣蝱",
	"mi":     "密米秘迷蜜彌泌眯咪覓謎靡糜獼謐醚嘧弭脒冪麋縻汨蘼蘼羋敉宓冖祢糸蔝蒾蘪藌蔤葞镾覔覓塓鸍羋瞇濗漞濔灖洣滵淧沵沕渳瀰羃峚幎怽幦戂粎麊熐麿爢麛冪宻鼏冞袮禰祕銤獼覛擟攠釄醿醾榓櫁樒簚孊侎彌瓕謐謎詸",
	"mian":   "面免棉眠綿勉緬靦冕娩沔湎眄澠宀芇葂勔靦靣丏麺睌矈矏矊汅澠蝒喕愐糆鮸緜杣櫋麵麵麵檰臱媔婂嬵偭緬絻綿",
	"miao":   "描苗妙秒廟渺瞄繆淼藐緲邈鶓眇喵杪鶓庿廟劰篎竗媌嫹緢緲玅",
	"mie":    "滅蔑篾咩乜蠛薎孭礣烕瀎滅哶吀幭懱鴓鑖鱴搣櫗衊",
	"min":    "民敏閩皿憫抿泯岷閔苠珉玟黽愍鰵緡蠠碈砇垊琝瑉琘盿湣潣旻旼罠崏敯刡鴖暋敃惽怋憫忟鍲鈱錉捪笽笢簢勄慜鰵閩冺痻閔姄僶緡黽緍忞",
	"ming":   "明命名鳴銘冥螟茗瞑酩溟暝蓂眀眳洺鳴朙慏鄍覭銘猽掵榠凕嫇姳佲詺",
	"miu":    "謬繆謬",
	"mo":     "嗎沒模末默莫摸脈磨冒膜摩墨漠魔抹沫陌寞摹驀蟆蘑饃謨茉貉秣歿貘萬貊耱嗎鏌瘼嫫嬤嬤靺莈驀謩藦砞礳貃塻圽歿歾瞙眜瞐眽眿尛蛨黙昩蟔嗼嚤髍帞帓懡糢爅劘嗎庅鏌銆魹魩獏皌擵枺橅妺嫼嬤饃饝纆絈謨嘿",
	"mou":    "某謀牟眸繆呣哞鍪蛑侔劺鴾踎恈麰繆謀",
	"mu":     "目母木模莫幕牧畝墓姆慕穆暮姥牡拇睦募沐牟繆苜鉬毪坶仫莯鞪楘牳砪氁胟雮霂畞暯蚞踇畂畮峔幙慔毣炑鉬狇鉧艒凩縸畆畝畒",
	"na":     "那哪拿納娜吶捺衲鈉內南肭錼靹蒳乸貀豽雫吶嗱軜袦鈉魶錼笝郍拏妠搻納",
	"nai":    "奶耐乃奈萘氖迺艿能鼐柰孻螚腉渿褦釢錼廼疓嬭倷",
	"nan":    "難南男喃楠囡赧囝腩蝻萳戁難莮遖湳暔畘煵揇抩枏柟婻娚侽諵",
	"nang":   "囊囔曩饢攮嚢灢蠰乪擃欜齉儾饢",
	"nao":    "腦鬧惱撓瑙呶孬橈淖鐃硇垴蟯猱夒碙碯臑脳腦堖鬧蟯巎嶩悩憹怓惱鐃獶獿峱撓閙嫐匘譊詉",
	"ne":     "呢吶訥哪疒眲抐訥",
	"nei":    "那內哪餒脮腇內鮾鯘錗氞氝娞餒",
	"nen":    "嫩恁嫰",
	"neng":   "能",
	"ni":     "你疑尼泥擬逆妮膩倪匿溺霓暱睨怩鯢鈮旎呢坭猊伲臡苨薿孴聣隬膩貎胒郳堄齯惄眤淣聻埿氼暱晲蜺蚭跜輗愵籾麑觬鈮鯢狔掜屔抳擬棿檷柅馜秜屰嫟嬺婗妳儞伱儗縌誽",
	"nian":   "年念黏碾攆捻輾蔫拈埝黏鯰鯰輦廿卄輦涊淰躎蹍蹨哖唸惗焾鯰鯰攆撚鵇秥簐秊艌姩",
	"niang":  "娘釀醸釀嬢孃",
	"niao":   "鳥尿溺裊脲蔦嬲蔦鳥裊樢嬝嫋褭",
	"nie":    "捏聶涅孽鎳躡櫱鑷顳嚙囁攝乜隉臬糵苶菍聶顳隉孼蠥糱櫱齧摰槷湼圼囁囓躡踙嚙踂噛踗嵲嶭巕鑷鑈钀鎳錜揑枿籋臲篞痆闑帇敜讘捻",
	"nin":    "您恁脌囜拰",
	"ning":   "寧凝擰獰嚀檸濘佞聹甯薴聹鬡矃澝濘嚀寕寍寜鸋寧寗鑏獰擰橣檸嬣儜倿侫",
	"niu":    "牛扭紐鈕拗妞忸狃靵莥牜汼炄鈕杻紐",
	"nong":   "農弄濃膿噥儂蕽鬞膿濃噥農燶襛禯挵挊醲檂欁辳齈穠穠癑儂繷譨",
	"nu":     "努奴怒弩帑孥駑胬搙笯駑砮傉伮",
	"nuan":   "暖渜煗煖奻餪",
	"nuo":    "諾娜挪糯懦喏儺搦難鍩逽蹃愞懧糥糑鍩掿梛榒橠稬穤儺諾",
	"nv":     "女衄恧釹朒沑籹釹衂",
	"nve":    "虐瘧硸瘧婩",
	"o":      "哦噢喔筽",
	"ou":     "偶嘔鷗毆耦藕謳禺漚慪甌區歐蕅毆鷗歐甌鴎藲膒腢塸漚嘔吘慪熰鏂櫙謳",
	"pa":     "怕爬帕扒啪趴琶耙杷葩鈀筢苩潖帊袙皅掱舥妑",
	"pai":    "派排迫拍牌湃徘俳哌蒎犤沠渒輫鎃猅棑簲箄簰",
	"pan":    "判盤胖潘盼叛攀畔拌蹣泮蟠磐槃爿袢柈番襻丬萠蒰聁磻坢眅溿沜瀊洀蹣跘炍鑻鋬牉鞶幋縏盤鎜搫媻頖鵥冸詊拚",
	"pang":   "旁胖龐乓磅螃彷滂徬耪逄龎龎肨膖胮霶雱眫炐龐鰟鰟舽嫎覫",
	"pao":    "跑炮泡拋袍刨咆疱狍庖匏脬鞄萢皰礟礮靤砲奅褜垉軳麅麃炰拋爮麭",
	"pei":    "配培陪佩胚賠沛妃裴呸帔轡霈鉳醅旆蓜阫馷肧毰珮浿賠怌犻鉳衃姵俖伂轡裵斾",
	"pen":    "盆噴湓葐翸歕喯噴呠瓫",
	"peng":   "朋碰棚蓬膨捧篷鵬烹砰澎抨怦硼嘭彭堋蟛莑芃蘕駍騯鬅髼鬔磞硑鵬蟚塜塳淎泙踫輣軯剻憉恲熢袶鑝錋匉捀皏掽樥槰椪梈椖稝竼篣閛韸韼倗傰纄弸苹亨",
	"pi":     "皮批屁披辟疲脾匹劈僻副罷譬啤琵坯癖毗痞枇霹噼裨媲否貔丕吡陂砒邳鈹圮睥蜱疋鼙陴埤淠蚍羆甓庀擗郫仳紕苉鴄隦阰駓髬礔磇豾脴腗膍肶豼噽嚭壀耚疈錃潎澼蚾蚽羆毘岯嶏崥翍礕憵鷿鸊悂炋焷螷蠯鈹銔鉟銢鮍鮍魾魮釽錍狓狉鈚抷揊秛秠稫篺笓鵧闢嫓伾伓枈紕諀旇",
	"pian":   "片偏篇騙扁翩駢胼蹁便犏諞貵騈駢騙腁跰囨骿賆魸鍂楩楄覑媥騗鶣諞",
	"piao":   "票飄漂瓢瞟縹剽嫖朴嘌驃慓殍螵薸驃犥鰾皫魒勡彯飄顠翲醥徱篻闝僄飃縹旚",
	"pie":    "撇瞥苤氕丿暼鐅撆嫳覕",
	"pin":    "品貧頻拼聘拚嬪顰姘牝玭榀蘋薲驞礗砏琕顰矉蠙嚬汖馪穦嬪娦貧",
	"ping":   "平評憑瓶屏苹萍乒坪呯鮃枰娉俜蓱荓聠砯胓塀玶淜涄洴蚲蛢輧軿甹岼幈帲帡屛焩鮃檘缾甁簈箳郱頩艵慿憑凴竮評馮",
	"po":     "破迫婆坡頗潑朴泊魄粕珀鄱釙笸陂叵鉕皤蔢尀蒪頗駊奤砶洦湐溌潑昢哱嘙嚩岥岶烞鉕釙鏺廹敀櫇醱醱醗箥繁",
	"pou":    "剖掊裒犃垺哣抔捊抙箁咅娝婄",
	"pu":     "普鋪撲譜朴葡仆浦蒲埔菩瀑圃噗曝匍蹼溥濮璞莆氆攴鏷鐠堡攵蒱陠暴圤墣瞨潽圑贌烳炇菐鯆鏷鋪獛鐠擈撲酺檏朴穙痡暜舖舗僕纀諩譜",
	"qi":     "起其氣期器企七奇汽齊妻啟旗棄騎欺漆棋豈淒契歧戚棲泣砌祈蹊乞迄崎祺鰭伎緝岐琦祁琪憩畦沏綺臍亟嘁薺杞麒頎耆啐蠐磧淇葺芪只綦欹槭萋訖圻蘄揭萁芑騏亓丌柒汔蜞屺榿藄鄿蘄炁芞藒萕陭隑亝騹騎騏唘碶磩碕鬐磧慼栔矵攲敧鵸碁磜剘蜝棊肵臍墄埼霋璂玘郪鶈盀盵濝淒呇滊湇湆蚑螧蚔蚚暣蠐咠唭踦跂噐呮罊蟿軝豈帺岓嵜邔慽愭悽愒迉忯懠粸麡褀褄禥鏚錡錡釮鯕鯕鶀鰭夡玂猉鐑頎掑捿氣鬿魌気摖櫀棲榿檱桼憇諬欫甈簯艩簱籏竒疧闙婍娸傶僛倛綺緀紪綥斊棄諆斉齊啔啟晵啟棨訖旂枝俟稽",
	"qia":    "恰洽掐卡髂拤袷咭葜鞐圶硈胢殎跒峠帢擖酠冾",
	"qian":   "前千錢潛遷淺簽纖牽欠遣鉛歉謙乾倩嵌虔鉗黔譴塹扦阡茜釺掮犍鈐僉蕁騫愆箝芡芊肷槧岍慳慊褰搴仟繾韆茾孯臤蜸掔婜蔳葥蕁蒨騚騝鬜鬝厱膁墘亁乹圲歬淺灊潛汧壍嬱汘濳蚈黚輤塹槧軡岒慳悓忴粁騫錢鵮鵮銭鉗鑓鰬釺鎆鈆鉛鈐鏲攑拑皘攐攓拪揵扲撁橬檶遷棈榩櫏杄槏圱刋谸籖篏篟簽籤羬竏奷媊僉俔儙諐俔偂傔仱欦綪繾縴譴顅謙牽",
	"qiang":  "強槍牆搶腔羌嗆蹌鏘薔羥襁戕戧嬙檣蜣熗錆鏹薔蘠蔃牆瑲瑲溬漒蹡蹌啌嗴唴嗆嶈廧熗獇猐鏘槍鏹摤搶檣椌槍艢篬牆羥羗羻羫墏斨牄嬙戧強彊繈繦謒疆",
	"qiao":   "巧橋悄瞧敲喬僑翹峭竅俏鍬鞘憔蹺撬樵蕎橇殼雀誚嶠鞽磽愀劁繰譙鞩鞽菬荍藮蕎陗犞磽礄礄翹墝趬趫墽墧睄郻踍蹺躈蹻嘺骹帩幧韒燆竅釥鐰鄥鄡鐈鍬撽櫵槗橋勪喬鍫頝癄嫶僺僑顦繰繑誚髜毃髚譙",
	"qie":    "切且竊契怯砌伽茄妾愜趄鍥篋挈郄苆匧聺洯蛪厒朅淁踥愜悏竊鍥鯜癿篋笡籡穕",
	"qin":    "親侵勤秦琴禽欽沁芹寢擒矜噙覃撳芩嗪衾螓唚鋟檎菣靲懃斳兓菳菦藽耹駸駸肣赾埐坅琹珡澿瀙螼蠄昑蚙唚嶜嶔嶔嵰懄慬吢庈寴寢寑顉鈙鮼鵭欽鋟鈫抋捦撳搇梫笉瘽親嫀媇鳹雂綅誛",
	"qing":   "情清親青輕請傾慶氫晴頃卿蜻擎氰磬罄圊箐苘檠謦黥鯖綮葝碃硘埥殸漀郬靘靑殑濪淸暒甠啨軽輕鑋慶檾廎廎寈錆鯖夝擏掅氫櫦棾樈凊儬傾頃請勍剠",
	"qiong":  "窮瓊穹邛煢跫蛩銎筇卭藭藑蛬赹璚瓗瓊瞏睘惸煢焭熍焪竆窮宆憌桏橩笻舼儝",
	"qiu":    "求球秋丘酋囚蚯邱裘鰍巰泅湫虬遒楸逑龜蝤賕糗犰鼽俅蓲鞦鞧莍萩蘒芁毬肍趥坵皳盚蟗玌璆殏巰汓浗湭渞蛷虯唒賕崷恘秌煪觩觓銶鰽鯄鮂鰍鰌釚釻搝扏梂逎朹湬蝵鶖鶖醔媝穐篍龝蠤丠頄叴訄恷紌絿緧訅仇",
	"qu":     "去區取曲趣趨屈驅渠軀娶嶇瞿祛蛐覷衢蛆齲黢癯苣蠼佉闃麯蘧蕖磲朐璩氍劬鴝麴詘葋匤菃敺區螶阹驅駆駈厺髷胠刞臞鼩鼁坥趍趨耝璖麴齲覰覻戵鸜覷灈浀淭蠷蟝蝺呿躣軥嶇岴胊鶌憈翑焌爠粬煀袪鑺鴝斪鰸魼鱋抾欔欋麮衐籧忂筁軀闃閴竘竬佢伹紶絇詘詓誳",
	"quan":   "全權圈泉勸拳券犬醛蜷痊顴銓荃詮筌鬈畎輇悛犭綣勸顴葲虇騡駩犈牷犮硂埢瑔湶洤蠸踡跧啳圏輇巏峑恮烇鰁鐉鰁銓搼權楾権棬椦勧箞齤奍韏觠牶闎婘姾佺縓綣絟詮",
	"que":    "確卻缺雀鵲炔瘸榷闕闋愨皵鵲蒛碏礭確硞碻礐趞愨慤埆塙琷崅燩搉棤缼闕闋傕卻",
	"qun":    "群裙逡麇夋囷峮宭裠帬群",
	"ran":    "然染燃冉髯苒蚺蒅髥肰珃蚦呥嘫冄衻袡袇橪媣姌繎",
	"rang":   "讓壤嚷攘瓤禳穰蘘鬤壌瀼躟懹爙獽穣儴勷譲讓",
	"rao":    "繞擾饒橈嬈蕘蕘隢遶襓擾橈嬈饒繞",
	"re":     "熱惹喏若熱",
	"ren":    "人認任忍仁韌刃妊紉壬飪仞衽荏稔軔亻靭靱荵芢牣肕腍忈軔岃屻韌袵祍魜鈓銋扨梕杒栣朲棯忎躵秹秂姙刄鵀栠飪餁仭紝紝綛紉絍認訒訒",
	"reng":   "仍扔芿陾辸礽",
	"ri":     "日馹馹囸衵鈤釰釼",
	"rong":   "容溶榮融絨熔蓉茸戎榕冗嶸鎔蠑肜狨茙氄駥毧坈瑢瀜栄螎曧蠑軵嶸峵烿爃嵤榮褣宂鎔搑搈榵槦穁穃羢媶嬫嫆傇傛縙絨",
	"rou":    "肉柔揉蹂鞣糅葇鶔騥腬脜瑈瓇渘蝚輮禸韖煣粈宍鍒鰇楺媃厹譳",
	"ru":     "如入乳儒辱汝蠕茹褥濡嚅孺銣縟襦女蓐薷顬溽洳蕠蒘鄏肗顬渪蝡曘嗕嶿袽鱬銣擩扖醹杁筎鳰邚鴑媷嬬帤鴽挐桇侞縟繻",
	"ruan":   "軟阮朊碝礝耎腝堧壖瑌瓀輭軟撋媆偄緛",
	"rui":    "瑞銳蕊兌睿芮蕤蚋枘蕋蘃蘂甤叡壡汭蜹繠橤銳銳桵緌",
	"run":    "潤閏膶瞤潤橍閏閠",
	"ruo":    "若弱偌箬鄀爇蒻叒渃嵶焫鰙鰯挼捼楉篛婼鶸",
	"sa":     "薩撒灑三人卅颯脎蕯薩靸躠隡馺灑鈒鈒摋櫒颯訯",
	"sai":    "塞賽腮鰓噻毸毢嗮嘥顋愢賽鰓揌簺僿思",
	"san":    "三參散傘叄糝毿饊弎毿犙鬖𣯶壭潵糤糣糝鏾鏒閐厁俕饊傘繖",
	"sang":   "喪桑嗓搡顙磉顙桒喪褬鎟槡",
	"sao":    "掃嫂騷繅搔臊瘙埽鰠騒騷矂溞螦氉鰠鱢掻掃颾繅髞梢",
	"se":     "色澀瑟嗇塞銫穡槭雭嗇璱歮濇濏澀渋洓瀒澀轖懎銫鏼摵擌栜穯穡閪瘷歰飋繬譅",
	"sen":    "森襂槮槮",
	"seng":   "僧鬙",
	"sha":    "沙殺什麼紗砂傻剎廈杉莎煞鯊霎裟挲嗄唦痧唼鎩歃萐蔱髿硰乷鯊桬啑喢帹翜翣廈粆魦鯋鎩猀毮閷殺榝樧箑閯儍倽紗繺",
	"shai":   "曬篩曬簛籭簁篩",
	"shan":   "山單善閃扇衫陝珊禪杉擅摻柵煽膳刪姍汕贍跚撣訕繕舢疝嬗潸鱔搧鄯苫膻芟騸彡蟮釤陝剼騸磰脠赸墠圸墡睒灗澘晱蟺嘇軕刪邖幓贍炶煔覢熌禪釤銏鱓鯅鱔狦鐥掞挻樿柵檆樿笘痁閊敾歚羴閃羶譱姍僐饍傓縿繕訕謆",
	"shang":  "上商傷尚賞湯裳晌熵墒垧殤觴鞝鞝蔏鬺殤丄尙賞漡滳螪贘慯恦禓觴鋿鏛鑜樉傷緔扄謪",
	"shao":   "少燒紹召稍梢哨勺捎邵鞘芍韶筲艄苕劭潲杓莦萷蕱髾玿輎焼燒袑鮹柖娋卲綤弰紹旓",
	"she":    "社設射涉舍攝舌蛇折拾畲奢赦懾麝賒佘猞歙闍厙灄揲蔎騇厙奓灄渉涻蠂虵蛥畭輋賒賖懾韘慴攝摂捨欇檨舎畬弽設",
	"shen":   "什身神深參甚審伸申沈滲嬸腎慎紳呻娠砷蜃莘吲糝鯵詵諶瘮信葚胂瀋哂矧諗蔘腎頣蓡薓葠駪眘昚脤堔珅眒瞫滲瀋涁蜄曑曋罧屾峷愼糂籸燊籶邥審覾宷裑穼罙祳鋠鰺鉮鰺鰰魫鯓氠扟柛榊兟甧甡鵢瘮妽嬸姺敒侺侁紳弞矤訷谉讅詵諗訠",
	"sheng":  "生聲省勝升盛聖剩乘牲繩笙甥嵊晟眚蕂苼聖陞阩陹鼪勝賸榺墭聲殅珄渻湦泩晠琞曻昇呏貹憴焺鍟鵿鉎狌斘橳枡剰竔偗繉縄繩譝甸",
	"shi":    "是時實事十使什式世識食市史石始師失視示似適士勢試施室釋詩氏濕飾駛拾蝕屍逝侍誓矢獅匙柿碩嗜屎噬噓柵拭峙仕恃虱軾舐耆螫豕諡弒奭殖蓍澤蒔貰塒炻鰣鯴鈰釃筮蒔貰蒒葹旹乨駛觢乭鼫鼭卋邿塒辻兘勢丗鳾瑡事眎睗眂眡溼溡溮湜濕澨溮湤時昰遈呩呞軾嵵崼峕忕蝨屍鳲鳲恀烒煶実寔宩冟襫襹褷實祏視鉽釶鉐鉂鮖鰣鯴鰘鰤鶳鉇鉃獅鈰鍦銴弒揓栻枾釃榯榁柹簭遾舓秲徥師釋釈笶籂箷竍嬕姼餝蝕餙飾飠絁試詩諟戺適謚諡識",
	"shou":   "手受收首守授售壽瘦獸狩綬扌艏膄壽夀垨涭獣獸収鏉痩綬",
	"shu":    "術數書屬樹述熟輸束殊叔朱舒鼠疏署豎蔬抒樞淑暑薯梳俞蜀庶贖塾墅恕曙倏漱黍腧戍孰澍秫菽紓疋沭攄姝殳毹荗竪豎薥蒁藷陎毺霔尌朮怷璹琡尗虪濖瀭潄潻鼡蠴暏踈咰數軗輸贖疎屬庻糬襩裋襡鏣鮛鱪鱰錰鉥掓攄捒樞樹橾杸鶐術癙書婌鵨鄃侸跾倐儵焂紓綀絉",
	"shua":   "刷耍唰誜",
	"shuai":  "率衰摔帥甩蟀帥卛",
	"shuan":  "拴栓涮閂腨閂",
	"shuang": "雙霜爽孀驦騻驦礵鷞塽鸘鸘漺灀慡鏯欆艭孇雙縔",
	"shui":   "誰水睡稅說氵脽氺涗涗帨裞祱稅閖誰",
	"shun":   "順瞬舜吮蕣鬊瞚順橓楯",
	"shuo":   "說爍碩朔數妁蒴鑠搠槊矟碩爍鑠獡鎙欶箾說說",
	"si":     "思四死斯似司絲私飼寺撕祀肆嘶嗣廝俟泗噝巳鷥螄駟鍶汜伺食厶耜兕澌笥姒緦糹蕼蕬牭騃駟騦磃蟴鼶貄亖耛肂洍涘洠瀃泀泤蟖螄噝罳孠覗廝燍禗禩禠鈶鐁鋖鍶鈻鉰釲銯虒檯杫梩柶楒榹蜤恖竢凘媤娰儩佀颸価俬颸飼飤緦糹鷥絲",
	"song":   "送松宋頌訟聳誦淞嵩悚凇慫忪菘崧竦駷松硹濍嵷憽愯庺梥鎹檧楤枩柗聳慫娀頌枀倯傱餸誦訟",
	"sou":    "搜艘嗽嗖擻颼餿藪螋叟溲瞍嗾鎪蓃藪蒐騪鄋廋廀叜鎪獀捜擻摉摗醙櫢籔凁瘶傁颼餿",
	"su":     "素速蘇訴縮俗塑肅宿穌溯粟酥簌窣夙謖嗉僳愫蔌涑觫蘇莤藗蘓驌驌碿膆塐趚甦殐璛珟玊溸泝潥潚洬囌蹜憟鯂穌鱐鋉榡遬樎櫯梀樕橚愬遡肅鷫嫊鷫粛傃餗縤謖訴",
	"suan":   "算酸蒜狻匴祘筭笇痠",
	"sui":    "隨雖歲碎遂髓穗隋綏隧邃祟燧睢荽濉誶荾鞖芕隨鐆遀砕膸埣瓍璲歲歳睟瀡浽澻滖哸雖歲髄亗賥韢熣煫襚禭鐩夊檖穗穟嬘倠綏繐繀繸旞譢誶尿",
	"sun":    "孫損筍蓀猻飧榫隼蓀薞蕵孫飱猻鎨搎損槂簨箰筍鶽",
	"suo":    "所索縮鎖梭嗦瑣唆羧嗩娑蓑挲些睃睃嗍桫莏趖琑瑣溹溑逤暛蜶嗩惢褨鎍鎖鮻獕鏁鎻挱乺摍簔簑傞縮莎",
	"ta":     "他它她塔踏塌榻沓蹋嗒拓獺撻趿遢溻鰨鉈闥鞳鞜牠墖澾涾毾躂躢蹹嚃嚺遝崉粏褟祂禢錔鰨鮙鉈獺狧撻搨榙橽濌闧闥闒闒侤傝誻譶",
	"tai":    "大太態台抬泰胎苔汰鈦酞肽薹駘邰炱跆鮐菭孡態駘夳冭坮臺溙汏汱旲囼忲燤炲鈦鮐抬檯籉箈舦嬯儓颱",
	"tan":    "談探彈碳坦嘆灘炭攤壇貪譚潭痰毯癱檀坍袒覃忐曇鉭澹郯錟藫嘆菼貚墵壜埮墰壇璮灘潬湠曇暺嘆嘽嘽嗿惔憛憳憻顃燂襢鉭錟擹攤醈醓醰橝榃舑舕罈罈癱痑婒怹倓僋貪談譚譠",
	"tang":   "堂唐糖躺湯塘倘趟燙膛淌棠搪螳蹚羰儻溏帑醣耥瑭螗鐋鏜樘鞺薚蓎隚磄膅鼞赯矘漟燙湯坣劏曭蝪踼嘡啺戃糛爣糃煻鄌鶶禟鐋鏜钂鎲钂鎕摥橖榶篖闛伖儻偒傏饄餹",
	"tao":    "討套逃陶桃萄掏濤淘滔叨韜啕絛洮饕跳鞀鞱鞉鞀騊駣夲瑫濤蜪飸咷轁幍慆韜裪祹迯鋾匋搯槄醄嫍絛饀弢縚綯綯縧詜謟討",
	"te":     "特忑忒慝鋱脦蟘鋱",
	"teng":   "騰疼藤滕謄虅驣幐縢螣騰鰧謄膯鼟霯漛熥籐籘駦痋邆儯",
	"ti":     "體提題替梯踢蹄惕啼剔剃涕屜嚏銻棣倜悌鵜逖醍緹綈薙蕛騠髰鬄鬀碮厗朑趧趯瑅殢瓋睼漽渧題鶗惖逷嚔蹏鷤嗁罤體骵崹惿屜褆褅禔禵鯷鯷鷈鮷悐銻鍗鷉掦挮揥擿笹躰軆徲籊稊鵜媞偍緹綈戻謕歒鶙弟",
	"tian":   "天田甜填添佃恬腆舔闐鈿畑忝殄畋掭菾黇磌碵胋鷏甛塡靔靝瑱琠璳兲睓沺淟湉晪唺鴫覥覥賟悿屇窴錪搷酟舚闐痶婖倎餂鷆緂甸",
	"tiao":   "條調跳挑眺迢窕苕佻笤啁糶髫齠蜩祧鰷萔芀蓚蓨糶聎朓趒齠晀旫脁岧岹恌庣宨窱祒覜鰷樤嬥鞗鯈鋚鎥條絩誂",
	"tie":    "鐵貼帖餮萜聑驖蛈呫貼怗鐵鐡銕鉄僣飻",
	"ting":   "聽停庭挺廳廷亭艇烴婷蜓汀霆町鋌葶莛梃鞓聴聽聤厛鼮脡圢耓珽涏渟蝏甼嵉聽廰廳烴庁烶鋌邒桯榳楟頲頲筳閮娗侹綎誔諪",
	"tong":   "同通統痛童銅筒桶桐佟侗酮捅瞳僮彤潼嗵慟峒茼砼仝蓪犝朣赨眮浵晍蚒曈哃峝峂膧慟烔粡庝炵燑鮦鉵銅鮦狪獞鉖樋橦筩憅秱衕穜勭氃痌餇絧統綂詷",
	"tou":    "頭投透偷愉骰亠蘣斢黈頭鋀鍮敨婾媮妵偷紏緰",
	"tu":     "圖土突途徒吐塗兔屠凸禿荼釷菟堍酴蒤葖莵鷋駼鼵迌腯堗圡瑹汢潳涋湥塗跿唋圗圖図嶀鷵怢悇廜庩宊鶟鈯釷鵵鵌鍎鋵揬捸捈梌馟兔禿稌筡鵚瘏痜凃峹嵞",
	"tuan":   "團湍疃摶彖貒墥剸鷒漙湪団團畽圕慱糰煓褖鏄鷻猯摶槫檲篿揣",
	"tui":    "推退腿頹蛻褪忒煺藬蓷蘈隤駾尵螁蛻蹪蹆骽魋橔頺頹頽穨弚娧俀僓弟",
	"tun":    "吞屯豚臀囤褪飩魨氽暾芚朜霕坉豘涒旽蛌噋黗軘臋忳焞魨吞飩",
	"tuo":    "脫托拖妥拓駝陀唾橢馱沱砣鴕佗坨跎籜柁柝橐沲鼉庹酡乇蘀蘀莌阤嶞陁馱駄驝驒驒駝馲駞毻碢砤鼧鵎脫堶槖沰汑涶跅鼉咜咃岮袥袉飥鰖鮀鴕魠鮵狏扡拕挩挩橢楕杔彵籜嫷媠毤侂仛侻飥紽詑託託",
	"wa":     "瓦挖娃哇蛙凹窪襪佤媧膃韈聉砙膃劸鼃邷漥溛咓嗢嗗畖韤襪窐窪穵窊搲攨屲瓾媧",
	"wai":    "外歪崴咼喎咼顡竵",
	"wan":    "完萬晚玩灣彎碗頑挽烷婉皖蔓腕丸宛惋蜿豌綰紈莞剜脘畹壪菀芄琬箢薍萖萬脕埦頑刓壪琓瞣睕澫涴潫汍灣蟃晥晼晚踠唍輐輓贎岏貦帵贃忨卐卍翫盌鋄錽鋔鎫抏捖捥杤椀梚笂妧婠倇綰綩紈彎",
	"wang":   "往王望忘亡網旺汪妄枉惘罔輞輞魍朢菵莣尪迋尫瀇蚟蛧蝄暀罒輞罖罓棢徍彺徃兦仼亾尣尩網誷",
	"wei":    "為維圍委未微謂衛味唯威危偉尾違偽慰魏餵胃緯畏韋惟葦萎尉蔚巍薇偎帷娓渭桅圩倭痿崴蝟諉猥濰煨葳韙幃嵬瑋逶煒隈隗洧潿溈囗軎鮪艉闈位蔿苿菋蓶葨荱藯葦蘶芛蒍隇熭碨磑硊腲鄬為壝墛霨霺瑋琟覹矀濻溈韑瀢渨潿溦浘湋洈濰溈蝛韙蝟暐蜲蜼喴踓喡轊囲罻圍骩骫骪幃嶉嵔峗峞嶶崣屗叞褽犚螱韡韋違愄愇懀燰烓煟煒寪頠鏏厃鰃䲁鍡鍏鮪鰄鮇鰃鮠撱揻揋捤楲醀椳欈梶椲徫躗躛衛衛讆讏覣犩痏闈癓媙媦媁儰偽偉颹饖餵餧偽縅緭緯維詴亹斖謂為諉",
	"wen":    "文問溫聞穩紋吻蚊紊瘟韞雯汶刎璺閿鞰莬芠駇馼鼤脗肳塭豱瑥殟珳渂溫𥁕呡呅轀轀轀蟁炆顐鰮鎾鰮鰮魰搵搵抆榲榲桽穩穏聞閿闅閺問闦瘒妏伆饂繧紋彣螡蚉鴍鳼",
	"weng":   "翁嗡甕蓊蕹聬塕奣瞈滃暡螉嵡鎓攚齆勜鶲鶲罋甕",
	"wo":     "我握窩臥沃渦斡蝸喔倭撾齷渥萵幄硪肟臥萵臒腛瓁齷瞃濣渦涹蝸踒唩焥窩猧捰捾枂楃婐媉婑仴偓",
	"wu":     "物無五務舞武屋誤惡午吳伍汙烏霧悟吾嗚侮唔巫勿梧誣捂晤兀於蕪戊毋鵡嫵鎢鄔塢蜈婺鶩忤騖牾廡杌亡芴阢鼯圬浯鋈憮焐寤迕痦仵莁靰蘁茣蕪鵐鵐陚隖奦務嵍熃騖鶩敄鴮碔矹霧雺霚塢墲鵡珷珸郚逜忢瑦卼玝璑瞴洿汚汙洖溩潕螐旿蟱躌吳呉嗚峿屼嵨岉剭悞悞憮乄熓粅廡窏窹祦鋙鋙鄔鯃烏鰞歍鎢扤摀杇啎無鷡橆甒鼿齀箼娬娪嫵娒倵俉儛弙誣誈誤譕",
	"xi":     "系西細習息吸喜戲析希席洗稀惜悉襲臘溪媳犧錫嘻夕隙晰棲膝熙昔烯熄禧鰓徙嬉犀蟋奚兮曦蜥汐翕璽唏螅銑淅硒皙熹窸羲矽檄郗愾僖屣歙樨覡娭豨咭葸菥蓰隰鼷舄浠粞裼穸禊餼欷醯舾鬩葈蕮蒵匸煕蓆莃薂蒠覡隵隟枲騱驨騽犔犠犧磶磎礂貕舃肸肹谿霼趘趇欯囍憙歖霫赩赥豯卌琋壐璽瞦鬩戲矖戱卥戱睎盻覤澙渓潟鸂虩漝漇潝螇暿蟢蠵晞嚱躧蹝呬焁唽噏喺繫黖嵠巇嶍酅忚慀恄憘怬屓屓屭悕習飁恓屖焟熺糦焬熂燨爔熻邜鐊觿觽觹鰼錫鑴餏鱚鰼鯑鉨釸鈢鎴釳鏭狶鉩扱鵗忥氥扸墍榽橲槢桸晳惁椞厀椺橀怸熈稧徯郋鄎徆襲凞瘜闟衋嬆傒翖俙係饎餼餏郤豀縘繥緆細縰綌綌謑譆諰焈謵灑蹊",
	"xia":    "下夏嚇狹轄霞峽瞎廈蝦暇匣唬遐俠黠呷瑕罅狎瘕硤柙蕸陿陜騢硤碬磍夓埉圷赮丅乤珨睱虲蝦翈轄峽懗舝炠煆烚鶷祫鎼鏬鍜魻鰕鎋狹梺筪敮舺閕疜閜傄俠颬谺縖諕",
	"xian":   "現先線顯限縣鮮險獻憲陷仙閒纖腺弦賢嫌掀咸銜羨摻涎嫻見醯舷蘚餡杴銑冼霰暹秈莧癇氙蜆峴薟燹躚跣祆獫筅鷳藖韅賢贒莧蘚薟苮陥険險礥尠臔姭鼸毨胘韯壏塪赻垷埳現豏珗獻睍縣鹹県盷瞯涀灦瀗鍌澖湺尟晛蜆顕蛝顯蚿咁咞嘕哯蹮躚啣嗛輱幰峴嶮嶮忺憪憸糮粯廯烍麙鶱憲褼襳禒鑦臽鋧鱻鮮銽錎鍁銛銛銑獮玁獮獫搟攇撊撏撏攕醎枮櫶杴橌橺麲箲馦秈銜衘稴屳閒鷳羨鷼閒鷴癇癎甉娊奾嫻嫻嬐孅娹妶仚仙僲僩僴餡韱佡伭線纎繊線線絤纖婱絃諴誢譣誸洗",
	"xiang":  "想相象向響像項鄉降香羊享箱祥詳湘橡翔巷廂鑲襄餉驤薌饗衖葙蟓庠鯗緗緗項瓨萫薌驤膷珦瓖晑曏跭嶑廂麘襐勨鱌鱶鱜鐌銄鑲栙楿欀缿稥忀鮝鯗姠佭餉饟緗鄊蠁鄕郷鄉蠁響嚮饗絴纕亯詳",
	"xiao":   "小消笑效校銷削曉肖硝蕭孝嘯瀟俏囂哮淆宵簫霄筱逍驍姣梟嘵鴞蛸崤魈枵綃綃虈蕭藃驍硣膮斅斆毊瀟揱涍斆洨蠨蠨暁曉蟂蟰嘵嘋鴞踃嚻囂呺嘐咲嘯嘨髐髇憢恔庨焇灲熽灱宯窙銷鴵梟猇獢郩殽皢皛撨櫹穘鷍筿簫簘篠痚痟効歗婋虓侾翛烋颵俲傚綃彇謏誟歊誵訤詨",
	"xie":    "些解寫協謝械鞋斜諧脅洩歇邪契攜卸屑瀉蟹懈挾蠍偕楔勰褻燮鮭擷頡榭邂纈澥瀣廨躞葉薤渫獬榍紲靾鞢鞵藛薢絜脅脇劦膎協奊翓塮暬垥瑎齛齥齘禼卨韰洩瀉蝢旪蠍蠏嚡噧嗋峫嶰屟恊愶屧灺緳熁燲糏炨炧冩寫褉襭祄猲揳挾拹擷攜烲焎娎擕缷徢齂媟孈脋伳偞偰龤僁紲緤綊纈絏縀繲絬衺褻讗爕夑謝諧血",
	"xin":    "心新信欣辛薪鋅芯馨鑫釁昕訢忻莘炘歆囟忄鐔阠孞馸舋釁脪盺噷噺軐惞廞焮襑鈊鐔鋅邤杺枔馫顖嬜妡伈俽伩訫",
	"xing":   "行性形興型星省幸醒刑姓杏猩腥邢惺悻滎陘擤荇硎餳莕葕陘騂騂臖興垶郉瑆睲涬洐蛵曐哘煋滎觲觪鈃鈃鉶鉶銒鋞鯹鮏皨箵篂嬹婞娙倖侀餳緈謃",
	"xiong":  "雄兄胸兇熊洶匈芎熋洶焽焸哅賯恟忷夐敻胷匂兇詗詗詾訩訩",
	"xiu":    "修秀休袖臭羞繡朽鏽嗅溴貅岫咻宿髹庥饈鵂苬髤脙璓臹珛琇潃滫螑嚊峀糔烌鱃鮴鏥鏽鏽鎀鏅銝樇齅脩鵂俢飍饈綉繡繍褎褏",
	"xu":     "許需須續序虛徐緒敘蓄吁絮婿噓旭栩墟畜滸戌胥圩恤煦蓿酗頊詡魆洫盱砉漵勖糈醑芧蕦藇藚蒣聓驉鬚盨嬃嬃須壻垿珬頊珝殈瞁虛歔虗汿沀湑潊漵朂晇暊勗旴冔蝑昫噓呴喣盢賉怴慉燸烼歘欻烅裇禑銊鑐欨鱮獝揟魖楈槒聟鄦卹欰稰稸疞姁敘敘伵偦侐俆續続緒緖縃綇訏譃諿詡諝諝訹許休邪",
	"xuan":   "選宣旋懸玄喧軒絢眩炫渲漩暄萱癬煊鏇璇縣碹泫鉉揎楦痃儇諼萲鞙蓒蕿藼蘐蔙駽塇璿琄瑄琁玹懸睻眴矎贙晅昍蠉暅蝖蜁暶昡咺吅軒翾愋懁選愃怰烜翧袨禤鋗鰚鍹鏇鉉楥梋檈箮衒癬媗嫙颴弲繏絢縼諼譞諠券",
	"xue":    "學血雪削穴薛靴謔踅噱鱈澩蒆鞾茓辥膤學觷壆澩嶨燢鷽趐坹瞲辪瀥嶨鷽吷轌岤袕鱈狘乴樰桖艝疶斈謔",
	"xun":    "訓迅尋循訊巡詢旬遜馴勛熏汛殉荀薰峋洵浚鱘徇潯醺窨蕁塤巽蕈孫曛恂郇獯蘍薫愻遜馴駨顨奞毥臐壦攳坃塤壎殾燅珣璕矄潠潯畃蟳勛噀嚑噚卂巺爋燻燖迿鱏鱘鑂狥灥揗杊栒樳樳稄勲勳鄩尋廵焄侚伨偱紃纁訓訊詢訙",
	"ya":     "壓呀亞牙雅芽鴨押崖啞鴉訝丫涯軋衙婭伢蚜椏氬埡碣琊疋迓邪砑睚吖岈揠瘂蕥鴉聐孲厊圧厓壓厑劜堐埡圠玡亞鵶亜襾齖齾漄啞唖圔軋鴨崕庌庘窫錏鐚錏犽猰猚掗氬掗枒椏覀笌稏冴疨瘂婭俹訝",
	"yan":    "眼研驗言嚴演煙沿鹽延顏岩炎燕掩厭艷咽焰鉛宴衍殷閻雁淹硯簷焉彥蜒儼奄諺醃堰晏胭嫣閹湮筵兗妍偃唁鼴懨琰贗魘灩釅焱饜甗郾菸厴埏鄢罨崦剡閆讞訁鹽匽鶠酀鷰嬊莚萒蔅隁隒驠騴騐験驗牪硽黶揅硏硯夵魘厭厴懕黶檿嬮饜剦礹鳫贗鴈贗臙鼴墕壧塩壛珚琂齞齴鬳覎虤沇厳漹灔灎灧灩淊溎渷渰蝘曣猒暥曮鷃曕妟昖嚥嚈囐嚴碞喦嵒啱喭噞黭黫黬黤艶艷豓豔巘巚巌嵓岩巗覎嵃嶖愝懨熖焑敥炏焔煙烻爓麣戭褗裺鴳觾燄鰋狿抁揜椻歅醼醃釅醶欕棪樮椼櫩楌篶郔躽軅簷閆閹龑兗乵閻顔遃嬿姸孍姲娫娮傿弇顩儼偐酓縯綖讌顏彥訮詽讞扊諺訁",
	"yang":   "樣養陽洋氧央楊揚羊仰秧癢漾瘍佯殃鴦怏鞅恙徉煬暘泱蛘烊陽阦駚礢胦霷雵坱垟珜眏眻瀁昜敭蝆暘咉輰軮崸鴦崵岟懩慃煬炴鍈卬鍚鉠鍚鰑氜揚氱抰攁楧鸉楊柍様樣劷羏羕飬養瘍鴹癢姎佒颺颺傟紻諹詇詳",
	"yao":    "要藥搖腰咬耀遙邀瑤姚窯妖謠鑰堯嗎樂吆肴夭僥舀么徭珧杳窕窈鷂繇曜爻約軺崾鰩蘨靿薬藥葽蓔苭藥騕磘颻鷂颻尭垚顤堯瑤殀齩矅覞眑溔滧暚嗂喓鷕軺嶢嶢嶤岆愮熎燿烑宎袎窰窅穾窯窔祅鎐鰩鱙猺遙獟狕邎揺抭搖摿榣柼楆枖榚鴁鼼筄艞闄媱婹傜倄偠仸餆餚鴢纅謡謠訞讑詏瘧",
	"ye":     "也業夜葉液爺野喝頁冶耶咽邪拽曳腋椰掖噎曄謁揶射鄴靨吔燁鋣葉枼驜靨擪頁礏墷枽璍瑘殗瞸瞱潱澲漜洂曄曅蠮暍曵曗嘢嶪嶫燁煠爗鄴鸈業鐷鋣釾鍱鎁鎑饁擛皣捓抴擫歋捙擨壄埜僷倻爺餣饁謁亪亱鵺",
	"yi":     "一以義意已藝易議咦依益衣異醫移遺疑亦宜儀憶伊倚乙億抑役毅譯椅翼姨蟻洩誼疫逸矣溢夷疙繹尾蛾怡胰貽裔彝邑奕翌屹臆頤詣驛熠咿蜴漪沂囈揖弋軼迤懿悒佚羿噫銥弈壹肄翳癔縊刈旖苡懌痍猗詒嶧食射荑薏埸圯殪眙嗌黟嶷嶷衤飴釔鐿鎰挹酏劓艤瘞翊仡佾蘙芅匜藝蓺虉弌頤巸媐苢勩勩萓苅殹醫鷖瞖繄贀悘鷖黳嫛毉瑿萟藙隿耴迆阣瓵驛駅逘礒帠肊鶂膉貖敼霬墿夁亄鷧壱坄埶玴珆豷豛鷊鷊辷殔鴺乁頥齮齸頉浳渏沶洟浥潩瀷泆浂澺洢湙曀蛦晹曎螘蛡敡鶍螔蟻螠蛜暆囈呭跇遺跠唈呹吚異欭輢黓睪斁歝圛軼轙畩貤貽骮顗峓幆嶧嶬崺怈恞郼懌乛忔攺憶廙熼燡熤燚熪燱炈庡焲宧冝宐襼袣衪裿褹袘寱迱寲禕禕釴鈘釔鉯鶃鮧鯣鳦鸃鮨鏔匇迻狋獈鐿鎰鈠銥撎拸乂枻杙杝槸醳醷桋栧椬栘柂檥檍榏枍椸檹棭劮鄓穓顊稦笖簃乊艗艤秇垼篒籎瘞瘱豙義羛羠鷾痬竩兿鷁鷁嫕嬄彛彞嬟嬑佁侇俋伿儀億飴饐伇偯弬繹彜觺繶縊讛詍裛詒旑訲讉譯扅悥扆訳帟誼誃謻議譩詣蛇",
	"yin":    "因音引印銀陰隱飲姻吟殷蔭淫尹茵寅蚓癮齦垠胤喑氤窨鄞吲圻狺銦茚霪堙洇廴夤夤蘟蔭鞇靷荶蔩蒑隱檃櫽隠阥陻隂陰駰駰碒磤霒趛赺韾堷霠烎璌殥憖珢齗齦齗濦滛濥垽峾溵乑湚泿洕朄螾蟫噖嚚噾囙輑圁嶾湮崟崯訔懚愔廕粌冘裀禋淾銦鮣犾鈝銀鈏斦慇檼垔酳鷣栶檭猌憖憗筃秵癮癊闉凐瘖誾誾婬婣飲侌飮絪緸讔諲訡",
	"ying":   "應影英營映迎硬盈嬰鷹穎贏熒蠅瑩鶯櫻瑛螢鸚縈纓膺瀛滎瓔嚶媵罌癭塋楹郢瀅潁嬴景鎣瀠攖萾鶧蘡藀盁孾碤礯朠膡霙珱瓔鷪渶濚溋浧瀴濴瀠瀯濙灐濚瀅蛍営鴬灜暎蝧蝿蠳蠅嚶甖巊鑍鸎罌嬰鸚賏譻巆愥煐廮応罃褮塋禜縈螢營熒鶯覮鎣嫈瑩甇謍鶑噟應鷹譍鍈鐛鱦攖摬攍桜梬櫻櫿矨軈籝籯韺癭媖孆偀僌緓緓頴頴潁纓穎贏",
	"yo":     "喲唷喲",
	"yong":   "用永勇擁湧庸泳傭詠雍踴蛹臃俑甬壅鱅恿癰邕喁慵湧墉鏞饔苚蒏勈硧砽惥埇塎慂滽灉澭顒顒踴嗈噰嵱愑悀愹怺醟鄘鷛廱彮鯒鯒鱅鰫鏞郺擁柡栐牅癰癕雝嫞傭詠",
	"you":    "有又由優油友游右幼尤猶憂郵幽誘悠鈾佑黝柚囿蚴酉釉疣猷莠攸祐魷繇鼬蚰牖呦莜蕕尢卣蝣宥銪侑苃蕕聈牰駀鄾迶憂肬貁耰丣逌瀀沋湵滺浟泑蜏哊嚘唀輏輶峟甴峳懮怞怮庮麀禉銪鮋鈾魷鮋狖猶逰栯櫌櫾酭梄槱楢郵怣牗秞羑羪姷優佦偤纋孧訧亴遊誘",
	"yu":     "於與語育魚余雨預域玉遇予欲宇愈漁譽郁羽獄御裕愉豫愚喻娛寓浴吁輿尉榆俞禹嶼淤逾峪諭於迂虞瘀馭芋隅渝瑜閾毓盂汩熨禺腴揄臾煜鈺彧鷸鬻諛餘聿紆竽傴齬覦圄歟嫗璵邪蕷萸舁雩蜮昱蝓圉嵛庾庾燠窳窬飫狳瘐妤肀俁鵒蕷蘛芌蕍茰蒮萭薁蓹蘌茟匬萮陓隃矞預鷸遹驈馭騟戫礖砡礇硢硲礜轝鸒歟與譽輿雤貐斞霱堣迃亐圫堬堉琙璵邘玗敔鳿瑀齬齵鸆睮歶淢潏澦澦盓澞湡漁灪淯虶欥蜟噳踰喅喩唹罭輍骬嶼髃嵎嶎崳惐忬頨懙燏粖庽爩麌焴寙衧褕穻鴧鴪祤鈺鍝魣鱊鰅鴥鷠魚鮽鯲鐭獄銉鋊錥扝扜挧魊扵棫櫲桙楰醧杅酑鬰欎欝鬱楀楡棛棜稢稶穥籅牏鄅軉秗禦篽籞艅艈籲込箊閾癒羭癒嫗嬩媀娛娯傴伃僪儥兪覦歈悆雓俁偊饇飫餘螸慾鵒俼緎紆逳袬諛謣語斔旟諭乻吾奧粥",
	"yuan":   "原員遠元院源願圓園緣援袁怨冤淵猿宛苑垣媛鴛轅沅爰櫞塬鳶圜螈垸瑗黿湲芫眢掾蒝薳薗蒬茒葾鳶貟貟騵厡厵願鶢遠鼘逺邧黿盶溒渁鼝淵渆渕灁蝯蚖蜵蜎蝝肙剈噮鶰員圎園轅囦圓円悁鵷惌鵷寃褑褤裫裷禐駌夗鴛妴鎱鈨魭鋺猨榞榬杬酛棩櫞笎衏邍羱嫄媴嬽傆縁緣謜",
	"yue":    "月約越躍閱悅曰岳樂粵兌鑰櫟鉞說刖瀹噦樾龠戉蘥玥泧蚏蚎噦跀躍啘黦軏岄曱嶽恱悅爚礿禴鉞鈅鸑鑰抈捳籆矱籰粵籥篗箹閱閱嬳妜鸙約",
	"yun":    "運雲允勻韻孕暈蘊芸隕醞韞耘惲紜熨慍氳筠鄆鄖殞員昀狁蕓荺薀薀蒕蒷蒕蘊蘊阭耺隕馻夽奫磒腪雲霣鋆殞齫齳眃沄澐溳溳蝹暈鄖喗囩畇賱韗韞愪慍惲熅熉熅鄆運褞鈗勻抎氳抣枟橒醞醞秐馧篔篔韻妘伝傊餫紜縕縕縜縕贇贇",
	"za":     "雜咱扎怎麼砸咂匝拶臢臢帀迊沯沞囋囃襍鉔魳桚韴雑雥雜",
	"zai":    "在再載災仔栽宰崽哉甾載烖酨睵渽溨洅賳扗畠災傤儎縡",
	"zan":    "咱讚暫攢簪瓚鏨糌趲昝兂趲瓉鄼賛瓚濽灒噆喒暫蹔鏨寁襸禶鐕鵤鐟撍攅攢揝橵讚簮儧儹偺饡讃讚",
	"zang":   "藏髒葬贓臧奘駔蔵塟匨駔髒臓羘贜贓髒賍賘弉銺牂",
	"zao":    "造早遭藻燥糟灶躁棗鑿噪皂澡蚤唣薻趮栆璪璅蹧喿唕慥煰鑿竃竈皂醩棗梍簉艁傮譟",
	"ze":     "則責擇澤側嘖仄賾怎麼昃幘簀迮舴蔶賾矠礋責齰齚歵瞔澤溭沢滜泎汄蠌昗嘖鸅幘則崱庂襗皟捑擇択樍簀嫧諎謮",
	"zei":    "賊蠈賊戝鰂鱡鰂",
	"zen":    "怎譖譖",
	"zeng":   "增綜贈憎曾鋥甑罾繒鬵磳増璔囎贈熷鋥鱛橧矰鄫曽繒譄",
	"zha":    "扎炸眨渣閘喳榨詐柵札乍楂喋蚱柞鍘咤查怎麼砟哳吒揸齄痄厏耫霅皻溠灹宱觰鮓鍘鮓抯摣紥挓榨拃柤醡樝皶蚻紮牐齇劄箚閘鮺鮺偧譇詐譗",
	"zhai":   "摘窄債宅寨齋翟砦責擇側祭齊瘵鉙粂捚榸檡夈債斎齋",
	"zhan":   "展戰站占黏顫沾嶄盞斬氈湛瞻棧輾詹綻蘸譫旃霑搌菚虦盞薝驏驙氊趈琖虥惉戦魙蛅戰噡輾轏斬覱岾嶃嶄嶦嶘鱣鱣棧桟醆枬榐栴橏閚嫸偡佔僝颭颭飦饘綻詀讝氈鸇鸇邅譧譫旜",
	"zhang":  "長張章掌丈障漲帳仗脹帳杖璋彰樟瘴漳蟑嶂鱆獐幛鄣嫜仉蔁騿礃脹墇瞕涱漲暲帳帳幥慞粻粀麞鏱扙痮遧瘬傽餦張",
	"zhao":   "找照招召趙著兆昭沼詔朝釗肇濯啁棹罩爪嘲笊駋爫趙垗瑵瞾曌羄燳炤鍣釗鮡狣鉊櫂枛罀箌巶妱佋皽肈肁旐詔",
	"zhe":    "這著者折哲遮浙蔗褶轍鍺輒蟄蜇赭柘鷓摺螫謫著磔矺厇砓讋喆嚞乽蟄謺歽淛蟅晣虴啫踷嗻輙輒轍鷓粍籷襵袩銸鍺鮿埑晢啠悊樜讋嫬這謫讁",
	"zhei":   "這",
	"zhen":   "真針陣鎮振珍震診偵貞枕圳砧斟疹臻甄禎楨朕賑幀榛縝箴畛稹填蓁胗溱湞軫鴆椹葴蒖薽萙塦陣聄駗碪鬒瑧殝珎遉貞眹眕湞潧澵昣辴轃黰甽軫賑帪幀屒寊鴆裖袗禛禎鍼鋴針鎮錱覙鱵獉鉁鎭挋揕搸抮酙楨樼栚籈姫嫃侲偵弫縥絼縝眞紾紖紖誫診",
	"zheng":  "正政爭整證征丁蒸症鄭睜掙怔拯錚箏猙崢諍徵鉦聇脀烝氶鬇爭埩靕鴊睜眐塣晸踭崢崝幁炡鉦錚猙鏳掙揁掟抍撜愸篜箏徰鄭症姃媜佂凧糽証諍證",
	"zhi":    "之只制質知指直至志織支值致職止植置紙智執殖枝脂秩肢滯拓汁旨址稚芝吱幟蜘摯擲侄趾治識酯窒峙炙桎櫛雉只芷咫痣梔氏胝只跖躑鷙蛭枳帙痔徵贄姪沚陟騭陟膣豸埴郅躓輊軹忮黹祉觶卮摭縶夂彘蘵芖迣茋藢聀阯騭隲職犆馶駤馽厔砋礩胑乿膱墆鳷坧覟墌疐坁垁漐縶贄慹騺鷙摯執瓡驇臸瓆璏歭淽滯滍汥洔淔洷潌汦泜潪瀄晊蟙跱蹠躓躑畤輊軹豑豒剬幟崻懥懫翐恉庤庢廌熫寘衼襧只袟禃祬祑帋觶觗鋕銍銍鯯鑕鑕狾猘釞劧貭搘挃巵抧摨搱扺扻劕質擳擲梽榰梔櫍椥柣櫛栺樴鼅鴙秓徝稙憄秷製徏軄徴筫穉稺秖瘈痓疻疷娡妷嬂値俧凪傂儨倁偫隻綕緻鴲紙紩織誌訨袠戠旘",
	"zhong":  "中種重眾終鍾忠腫仲衷踵盅塚鍾忪螽舯茽蔠刣尰鼨腫塚堹歱泈汷蚛蜙蹱喠眾幒煄炂衶衳祌銿鈡鴤鍾狆鐘柊眾籦種徸彸筗瘇妕媑妐偅伀終螤諥蚣",
	"zhou":   "周州洲宙軸驟皺晝舟咒粥肘帚縐胄紂謅妯繇啁調葤碡酎籀菷葤驟駎騆駲霌盩珘睭淍晭嚋呪喌噣咮輖軸輈輈冑郮週賙賙粙炿烐皺鯞銂矪徟甃籒籕鵃鵃箒疛晝婤伷僽侜紂縐譸譸詋謅",
	"zhu":    "主住注助逐著寧築諸珠豬竹朱柱祝駐株貯囑煮鑄燭蛛矚竺蛀拄佇褚誅侏澍瀦箸渚炷躅銖瘃苧術屬茱翥洙麈櫫杼櫧邾舳疰丶茿莇藸蓫薴蕏陼逫馵駯駐劯硃砫墸壴坾煑豬櫫矚眝瀦濐灟乼蝫蠋曯蠾蠩跦跓囑鸀罜軴帾貯嵀劚斸燝燭爥炢麆袾窋宔祩鋳鑄钃鯺鱁鮢銖鉒拀柷欘樦櫧笁篫築笜筯鴸鼄篴簗秼竚羜孎佇飳紵紵絑紸諸迬殶詝誅註",
	"zhua":   "抓爪髽膼撾檛簻撾",
	"zhuai":  "拽轉跩",
	"zhuan":  "轉專磚賺撰篆傳顓饌囀蒃孨磚磗膞腞塼堟瑼鄟專甎叀専瑑蟤囀転轉顓賺灷襈鱄篹籑竱嫥僎饌縳諯譔",
	"zhuang": "狀裝莊壯撞樁妝幢僮奘戇庒荘莊壵湷糚妝樁梉狀壯焋娤裝妝",
	"zhui":   "追綴椎墜錐贅惴騅隹縋墜騅硾礈腏膇贅沝畷錣鑆鵻錐醊甀笍娷綴縋諈揣",
	"zhun":   "准諄淳屯肫窀埻迍準啍宒衠稕凖綧訰諄",
	"zhuo":   "捉桌著卓著濁灼啄琢拙酌鐲茁斫濯淖涿棹擢焯浞禚倬諑斮斲叕硺圴斱琸鵫灂濁汋晫蠗啅罬斀劅蠿烵炪丵窡窧鐯鋜鐲犳斵擆撯棳椓槕櫡梲梲穱籗籱篧彴穛娺妰諁諑謶鷟繳",
	"zi":     "自子資字紫仔姿滋茲姊籽諮孜漬梓髭恣滓諮淄呲孳鯔齜輜甾眥秭貲吱齊茈趑耔觜訾嵫錙笫粢緇芓蓻茡荢茊葘菑茲孖牸矷頾頿胏胾嗭赼趦鼒剚鄑齜眥呰啙貲胔鈭姕漬澬湽虸吇嗞輺輜崰禌釨鰦鯔鎡鎡鍿錙杍橴榟椔秄稵資栥秶姉鶅倳紎緇緕纃訿齍諮孶玆",
	"zong":   "總宗綜縱蹤棕粽鬃熜傯從腙葼蓗騌騌騣惣鬉碂磫朡堫豵鬷昮蝬蹤踨嵏嵕嵸惾翪燪糭粽焧鑁鯮鯼鍐猔猣揔摠搃捴椶稯熧瘲瘲倧傯倊綜緫緵總繌縦縱縂総緃",
	"zou":    "走奏鄒揍陬鄹騶鯫諏菆郰棸騶赱齱齺黀鄒鯫鯐掫棷箃緅諏",
	"zu":     "組族足祖阻租卒詛鏃俎菹靻蒩葅珇唨踤哫崒崪鎺鏃爼椊箤卆組詛",
	"zuan":   "鑽攥纂躦纘繤躦鑚鑽鑽劗籫纉纘",
	"zui":    "最嘴罪醉咀蕞厜璻蟕晬嗺噿嶵嶊冣祽鋷錊酻酔樶檌栬槜檇辠稡纗絊",
	"zun":    "尊遵樽鱒撙墫噂嶟鶎銌鱒鐏捘罇鷷僔繜譐",
	"zuo":    "作做坐左座昨佐琢撮柞唑祚捽阼胙嘬怍酢笮葄葃蓙苲莋咗岝岞糳袏鈼稓穝秨筰飵侳繓",
}
