{
	"a":      "阿啊呵腌嗄锕",
	"ai":     "爱唉挨碍哀矮埃哎艾癌隘蔼嗳皑霭捱暧瑷砹锿嫒",
	"an":     "安按案暗岸氨俺铵胺鞍黯庵桉谙鹌犴广厂埯揞",
	"ang":    "昂肮盎仰",
	"ao":     "傲熬凹遨嗷奥拗澳袄懊坳敖翱螯鳌鏖岙媪鏊骜艹聱獒廒",
	"ba":     "把八吧巴爸罢拔霸坝叭芭扒跋疤靶耙粑笆钯伯茇菝灞岜鲅捌魃",
	"bai":    "白百摆败拜柏呗掰伯稗捭佰",
	"ban":    "办般半班板伴版搬斑扮颁瓣拌扳绊坂阪舨瘢钣癍",
	"bang":   "帮邦膀棒傍榜绑梆磅蚌旁镑谤浜蒡彭",
	"bao":    "保报包胞宝暴抱薄剥炮爆饱堡孢豹瀑刨鲍苞雹葆曝褒鸨褓煲龅趵勹",
	"bei":    "被北备背倍悲贝杯辈臂卑碑呗狈惫钡悖孛蓓焙陂碚褙勃鞴鐾庳鹎邶",
	"ben":    "本奔笨苯贲坌夯畚锛",
	"beng":   "崩蹦绷甭迸泵嘣甏蚌",
	"bi":     "比必笔毕避壁秘闭鼻币彼逼辟臂泌碧弊蔽鄙毙弼痹庇陛璧婢敝匕俾裨荸吡哔蓖贲襞铋秕毖愎髀篦睥畀妣筚薜萆芘荜滗濞跸嬖狴箅舭佛拂",
	"bian":   "变便边遍编辩辨鞭扁贬辫蝙匾卞鳊汴砭弁苄碥忭煸褊窆笾缏",
	"biao":   "表标彪裱婊飚飙镖膘鳔骠镳飑髟瘭",
	"bie":    "别憋瘪鳖蹩",
	"bin":    "宾滨斌彬濒缤鬓槟殡摈膑玢份频髌豳镔傧",
	"bing":   "并病兵冰饼丙柄炳秉禀屏槟摒邴",
	"bo":     "波伯播剥博玻勃拨柏脖卜搏泊驳膊舶簿渤簸菠箔跛薄钵铂帛礴饽钹亳啵檗鹁踣擘佛",
	"bu":     "不部步布补捕卜哺埔怖簿埠钚卟逋晡钸醭瓿堡",
	"ca":     "擦嚓礤",
	"cai":    "才采材财彩菜裁猜蔡踩睬",
	"can":    "参残餐惨蚕灿掺惭璨孱粲骖黪",
	"cang":   "藏苍仓舱沧臧伧",
	"cao":    "草操曹槽糙嘈漕螬艚",
	"ce":     "策测侧册厕栅恻拆",
	"cen":    "参岑涔",
	"ceng":   "层曾蹭噌",
	"cha":    "差察查茶插叉诧岔刹喳茬嚓楂杈碴汊搽衩姹槎馇镲锸猹檫",
	"chai":   "差柴拆钗豺侪虿瘥",
	"chan":   "产颤阐缠禅铲掺潺馋蝉搀蟾忏谄孱谗廛羼崭蒇骣觇澶躔冁婵单",
	"chang":  "长常场厂唱昌肠偿尝倡畅倘敞淌猖怅嫦娼氅菖昶徜鲳惝苌鬯阊伥裳",
	"chao":   "朝超潮吵巢抄嘲剿炒钞绰晁焯耖怊",
	"che":    "车彻撤扯澈掣尺屮砗坼",
	"chen":   "称陈沉晨臣尘趁衬辰嗔琛抻伧谶碜宸郴谌忱龀榇沈",
	"cheng":  "成程称城承诚呈乘惩撑澄秤橙逞丞骋盛瞠铛塍柽埕净抢蛏裎铖酲枨",
	"chi":    "吃持池尺赤迟斥齿翅驰耻痴弛炽哧侈嗤叱敕啻饬笞踟柢茌褫鸱墀蚩蚩豉眵螭魑匙篪瘛媸傺",
	"chong":  "重充冲虫崇涌宠憧忡舂铳种茺艟",
	"chou":   "抽筹仇丑愁臭酬畴瞅绸稠踌惆帱瘳俦雠",
	"chu":    "出处除初础助楚触畜储厨锄橱雏躇矗搐刍蜍怵滁黜绌杵蹰亍憷樗楮",
	"chuai":  "揣啜踹膪搋",
	"chuan":  "传船穿川串喘椽氚钏舛遄舡巛",
	"chuang": "创床窗闯疮怆幢",
	"chui":   "吹垂锤椎炊捶槌陲棰",
	"chun":   "春纯唇醇蠢淳椿莼鹑蝽",
	"chuo":   "戳绰辍龊啜淖踔辶",
	"ci":     "此次差词刺磁辞雌慈兹瓷赐伺疵呲糍祠茨鹚",
	"cong":   "从匆丛聪葱囱淙琮苁骢璁枞",
	"cou":    "凑腠辏楱",
	"cu":     "促粗簇醋卒蹙猝蹴徂趣趋蔟殂",
	"cuan":   "窜篡攒蹿撺爨镩汆",
	"cui":    "催翠脆粹崔摧萃悴瘁璀啐淬毳榱衰",
	"cun":    "存村寸忖皴",
	"cuo":    "错措挫搓撮磋锉蹉矬厝脞鹾鹾嵯痤",
	"da":     "大打达答搭瘩嗒哒鞑沓耷惮靼褡怛笪妲",
	"dai":    "代带待袋戴呆贷逮歹岱傣玳怠黛殆迨甙棣呔诒埭毒大绐",
	"dan":    "但单担弹蛋淡胆丹旦氮诞耽郸掸惮疸眈赕澹啖箪膻石萏聃殚瘅儋",
	"dang":   "当党荡挡档裆铛宕菪砀凼谠",
	"dao":    "到道导倒岛刀蹈稻盗捣叨悼祷焘氘纛刂忉",
	"de":     "的地得德底锝",
	"dei":    "得",
	"deng":   "等灯登邓瞪凳澄蹬噔磴戥嶝镫簦",
	"di":     "的地第提低底敌帝弟抵递滴迪堤蒂缔笛涤狄嘀谛娣嫡邸诋砥棣碲柢睇骶荻觌坻氐镝籴羝翟",
	"dia":    "嗲",
	"dian":   "点电典店淀颠殿垫奠甸碘佃滇惦巅癫掂踮玷靛钿癜阽坫簟",
	"diao":   "掉雕吊钓刁叼调碉凋貂鲷铞铫",
	"die":    "爹跌叠蝶迭碟谍喋牒堞蹀垤耋鲽瓞佚",
	"ding":   "定顶丁订钉盯叮鼎锭啶腚仃町铤酊疔碇耵玎",
	"diu":    "丢铥",
	"dong":   "动东冬洞懂冻董咚栋侗峒恫胴氡鸫硐胨垌岽",
	"dou":    "都斗读豆抖兜陡逗窦蚪痘渎蔸篼钭",
	"du":     "度独读毒督渡杜肚堵赌嘟笃睹妒都镀竺犊渎牍蠹黩芏髑椟",
	"duan":   "断段短端锻缎煅椴簖",
	"dui":    "对队堆兑碓敦追怼镦憝",
	"dun":    "盾顿吨蹲敦钝墩囤沌遁盹炖趸砘礅",
	"duo":    "多夺朵躲踱度堕惰哆舵跺垛咄掇铎剁哚柁裰缍隋",
	"e":      "额恶俄饿呃鹅扼厄蛾娥峨愕鳄鄂遏萼腭颚讹噩谔婀锷垩轭屙阿鹗苊莪锇阏哦",
	"ei":     "诶",
	"en":     "嗯恩摁蒽",
	"er":     "而二儿尔耳饵迩洱贰鲕珥鸸铒佴",
	"fa":     "发法乏罚伐阀筏砝珐垡",
	"fan":    "反范饭犯翻繁凡泛番烦返贩帆藩梵樊蕃矾幡钒畈蘩燔蹯拚",
	"fang":   "方放房防仿访芳纺妨肪坊彷舫鲂钫匚枋邡",
	"fei":    "非飞费肥废肺匪菲沸啡妃吠斐翡诽绯蜚扉霏腓痱悱芾榧狒淝鲱镄镄篚",
	"fen":    "分份奋粉纷愤氛芬粪坟焚吩酚忿汾玢鼢瀵鲼棼偾",
	"feng":   "风封丰锋峰奉凤缝蜂冯逢疯讽枫沣烽俸砜葑唪酆",
	"fo":     "佛",
	"fou":    "否不缶",
	"fu":     "复服夫富府父负副福妇附符付幅伏浮腐腹傅扶辐肤抚覆辅赋赴甫缚弗咐俯俘孵拂斧敷脯腑袱芙氟孚蝠阜匐麸釜涪馥凫驸茯讣蝮蚨苻呋罘稃芾跗拊趺莩菔莩阝砩郛滏蜉呒幞赙赙怫黻黼祓鳆鲋桴绂艴绋佛",
	"ga":     "嘎伽尬噶旮咖夹尕尜钆",
	"gai":    "改该概盖钙溉芥丐垓赅戤陔",
	"gan":    "感赶敢甘杆干肝乾柑竿赣尴苷秆橄坩擀绀酐泔旰矸澉淦疳",
	"gang":   "刚钢港纲岗杠缸冈扛肛戆罡筻",
	"gao":    "高告搞稿膏糕羔镐篙睾皋诰槁藁锆杲缟槔郜",
	"ge":     "个合各革格歌哥隔割葛阁戈胳颌鸽搁咯疙蛤骼铬膈嗝镉圪鬲硌盖哿塥虼袼搿舸",
	"gei":    "给",
	"gen":    "根跟亘艮茛哏",
	"geng":   "更耕耿庚梗哽埂羹赓颈鲠绠",
	"gong":   "工公共功供攻宫贡巩弓恭拱躬龚汞蚣珙肱红廾觥",
	"gou":    "构够句购狗沟勾钩拘苟垢篝枸媾佝诟笱岣鞲遘觏彀缑",
	"gu":     "古故固顾姑骨鼓股谷孤估雇咕呱辜菇沽锢贾钴梏臌箍蛄汩蛊轱诂牯崮鸪鹘瞽痼鲴毂菰牿嘏罟觚酤",
	"gua":    "挂瓜寡刮褂呱卦剐胍鸹括栝诖",
	"guai":   "怪拐乖",
	"guan":   "关观管官惯馆贯冠灌罐棺斡倌纶矜盥莞鳏鹳掼涫",
	"guang":  "光广逛胱犷潢咣桄",
	"gui":    "规贵归鬼桂轨柜硅龟跪瑰闺诡傀匮圭刽桧鲑癸皈炅鳜匦眭晷刿庋宄簋妫",
	"gun":    "滚棍辊衮磙丨鲧绲",
	"guo":    "国过果郭锅裹蝈埚帼聒虢椁掴蜾崞猓馘涡",
	"ha":     "哈蛤虾铪",
	"hai":    "还海孩害嗨亥骇咳氦骸胲醢",
	"han":    "含汉喊寒汗旱韩函涵罕憾焊憨翰撼邯悍捍酣瀚鼾蚶颔晗菡犴旰顸焓厂邗撖",
	"hang":   "行航杭巷夯沆吭绗颃",
	"hao":    "好号毫耗豪浩郝壕嚎皓镐蒿嗥濠昊貉薅颢灏蚝嚆皋",
	"he":     "和合何河呵核喝荷吓贺赫盒颌褐鹤禾嗬壑诃涸阂阖劾貉翮菏盖盍曷纥苛",
	"hei":    "黑嘿嗨",
	"hen":    "很恨狠痕",
	"heng":   "衡横恒哼亨珩蘅桁",
	"hong":   "红洪宏轰鸿哄虹烘弘泓訇讧闳薨蕻荭黉",
	"hou":    "后候厚猴侯喉吼逅篌骺堠鲎糇後瘊",
	"hu":     "互乎护呼户忽胡湖虎糊弧狐壶沪蝴葫瑚浒惚唬扈琥瓠囫鹄唿斛祜滹鹕醐猢和许核觳虍轷岵怙煳烀鹱槲笏冱戽戏",
	"hua":    "化话花划画华滑哗桦猾铧骅砉豁",
	"huai":   "坏怀淮槐徊踝",
	"huan":   "还环换欢缓患幻唤焕寰桓痪宦涣豢獾浣奂洹圜鬟垸萑漶逭锾鲩擐缳",
	"huang":  "黄皇荒慌晃煌惶簧谎恍蝗磺凰隍幌徨潢璜湟肓篁蟥遑鳇癀",
	"hui":    "会回挥灰汇绘恢辉毁慧惠悔溃徽讳卉秽贿晦诙彗晖蛔桧诲喙洄荟珲蕙烩茴睢麾咴隳恚虺蟪缋堕",
	"hun":    "婚混昏魂浑棍荤馄珲诨溷阍",
	"huo":    "和活或火获货伙惑霍祸豁夥蠖嚯镬藿劐耠灬钬锪攉",
	"ji":     "机几基己期济及级计即极技记集际积纪急激既继击奇季鸡迹剂辑绩吉寄疾挤肌籍祭寂脊饥忌冀藉稽畸棘鲫叽圾嫉姬讥妓汲系伎缉唧骥羁髻悸瘠箕暨矶麂岌蓟亟戟跻诘犄荠稷畿霁嵇嵴屐蒺觊笈玑楫偈芨咭其齐芰蕺剞赍殛乩洎虮戢跽哜墼鲚掎笄彐佶齑给",
	"jia":    "家加价假架甲夹佳嫁驾嘉贾钾稼颊伽挟迦枷荚戛拮浃胛袈痂颉镓岬笳珈蛱跏瘕袷葭恝郏铗",
	"jian":   "间见建件坚简渐减检践健尖监艰键肩兼鉴浅箭碱剪剑舰奸歼俭拣荐贱茧柬捡煎溅涧谏睑堑腱毽笺缄饯硷翦犍謇鲣僭锏缣囝鞯菅蒹戋戬湔趼踺蹇裥搛枧楗笕鹣牮谫槛",
	"jiang":  "将讲江降奖蒋港匠疆浆姜僵酱桨缰绛犟强茳礓耩豇洚糨",
	"jiao":   "教叫较交觉角脚焦胶郊缴骄娇轿搅浇嚼校剿礁椒矫狡绞蕉酵窖饺跤佼侥皎蛟茭醮姣铰湫鲛峤艽噍挢敫徼僬鹪",
	"jie":    "结解接阶界价节介姐借街揭届洁杰截皆戒捷竭劫桔藉诫秸睫楷芥婕拮孑诘疥嗟颉疖桀碣羯讦偈蚧袷家她卩喈骱鲒",
	"jin":    "进金今近仅紧尽禁劲津斤晋锦浸筋巾谨襟靳矜瑾烬噤缙觐馑堇荩卺赆廑衿钅槿妗",
	"jing":   "经精境京静竟惊景睛镜径警晶劲竞净敬井颈茎鲸荆靖兢痉憬泾菁粳阱胫腈迳旌儆箐刭肼靓獍婧弪",
	"jiong":  "炯窘迥炅冂扃",
	"jiu":    "就究九久旧酒救纠舅揪灸疚臼鸠厩赳韭咎桕啾柩鹫鬏玖阄僦",
	"ju":     "具据局举剧句居巨距聚拒柜菊矩惧俱拘桔咀锯鞠橘踞驹沮瞿炬踽疽遽掬枸飓榘苣裾龃榉倨狙钜莒且车苴鞫犋雎琚屦窭锔醵椐讵趄渠",
	"juan":   "卷倦捐圈娟鹃绢眷涓镌蠲鄄狷锩桊隽",
	"jue":    "决觉绝掘嚼爵诀厥倔攫崛蕨獗撅噘抉镢蹶谲角孓噱橛珏矍鳜桷劂爝觖",
	"jun":    "军均菌君俊峻钧郡骏竣隽浚筠麇皲捃龟",
	"ka":     "卡咔咖咯喀佧胩",
	"kai":    "开凯慨恺揩楷铠忾锴岂蒈垲剀锎",
	"kan":    "看刊堪砍坎勘嵌侃槛瞰龛阚戡莰凵",
	"kang":   "抗康炕扛慷亢糠伉钪闶",
	"kao":    "考靠烤铐拷犒尻栲",
	"ke":     "可科克客刻课颗壳棵渴咳柯磕苛坷瞌窠蝌轲颏恪稞髁珂氪缂岢嗑呵骒溘蚵锞钶疴",
	"kei":    "",
	"ken":    "肯恳垦啃龈裉",
	"keng":   "坑吭铿",
	"kong":   "空控孔恐箜倥崆",
	"kou":    "口扣寇叩抠佝蔻芤眍筘",
	"ku":     "苦哭库枯裤酷窟挎骷绔刳堀喾",
	"kua":    "跨夸垮挎胯侉",
	"kuai":   "会快块筷脍侩狯哙蒯浍郐",
	"kuan":   "款宽髋",
	"kuang":  "况矿狂框旷筐眶匡邝哐圹诳夼贶贶纩诓",
	"kui":    "亏溃愧奎魁馈葵窥盔傀匮逵夔喟睽喹聩揆篑岿馗蒉蝰暌跬悝愦",
	"kun":    "困昆捆坤锟鲲琨髡醌悃阃",
	"kuo":    "括扩阔廓蛞",
	"la":     "拉啦腊辣蜡落喇垃剌旯邋砬瘌",
	"lai":    "来赖莱癞睐籁徕涞崃疠赉濑铼",
	"lan":    "兰蓝烂览篮栏拦懒滥揽澜婪岚缆阑榄斓褴啉谰镧漤罱",
	"lang":   "浪朗郎狼廊琅螂啷榔莨阆蒗锒稂",
	"lao":    "老劳落牢络捞姥烙唠涝佬潦痨酪崂醪乐耢铹铑栳",
	"le":     "了乐勒肋仂嘞鳓泐叻",
	"lei":    "类累雷泪勒蕾垒肋擂磊儡镭耒羸嘞檑酹嫘缧缧诔",
	"leng":   "冷愣楞棱塄",
	"li":     "里理力利立例离历李礼丽粒隶哩璃励黎厉厘梨莉吏栗犁鲤狸砾沥荔篱漓笠蛎痢俐锂俚雳逦戾镉罹栎蠡俪藜鹂骊砺蜊黧娌莅猁疠傈唳溧疬醴砬喱鬲苈澧蓠坜嫠郦呖跞轹詈粝鲡鳢枥篥缡",
	"lia":    "俩",
	"lian":   "联连脸练炼恋莲怜链廉帘敛镰鲢涟殓濂奁裢潋楝蔹臁琏琏蠊裣",
	"liang":  "两量亮良粮梁俩凉辆谅粱踉晾靓莨墚魉椋",
	"liao":   "了料疗辽僚聊廖缭寥撩燎撂缪嘹潦寮镣蓼獠尥鹩钌",
	"lie":    "列烈裂猎劣咧冽趔鬣埒洌躐捩",
	"lin":    "林临邻磷淋鳞霖麟琳拎凛吝粼赁蔺躏嶙啉廪檩遴膦瞵辚辚懔",
	"ling":   "领另令灵零龄岭铃玲凌陵棱菱伶苓聆翎绫羚鲮呤棂蛉囹瓴酃泠柃",
	"liu":    "流六留刘硫柳溜瘤碌榴馏琉浏绺遛骝鎏鹨熘镏锍旒",
	"long":   "龙隆笼垄拢胧聋咙陇窿珑垅弄砻茏栊泷癃",
	"lou":    "露楼漏陋搂喽篓娄镂偻髅蝼瘘耧蒌嵝",
	"lu":     "路陆绿露录鲁炉卢芦鹿碌禄卤虏庐噜麓颅漉辘掳六赂鹭戮泸橹璐潞鲈撸蓼轳胪垆氇鸬渌辂镥栌簏舻逯",
	"luan":   "乱卵挛峦滦鸾孪栾銮脔娈",
	"lun":    "论轮伦仑沦纶抡囵",
	"luo":    "落罗逻洛络螺裸萝锣骆烙骡珞箩摞捋倮瘰猡硌荦脶漯泺镙椤雒蠃咯",
	"lv":     "律率绿虑旅氯铝履吕捋驴滤侣屡缕榈褛偻闾稆膂",
	"lve":    "略掠锊",
	"ma":     "马吗妈麻嘛骂码抹玛蚂蟆犸么杩摩",
	"mai":    "买卖麦脉埋迈霾荬劢唛",
	"man":    "满慢漫曼蛮瞒蔓馒螨幔缦鳗谩颟墁埋鞔熳镘",
	"mang":   "忙盲茫芒氓莽蟒邙硭漭",
	"mao":    "毛矛貌冒贸帽猫茂茅髦瑁锚牦铆卯懋袤昴峁茆瞀蟊蝥耄泖旄",
	"me":     "么",
	"mei":    "没美每妹梅煤眉霉媒枚酶镁媚魅玫昧莓糜楣寐湄嵋袂浼鹛镅猸",
	"men":    "们门闷瞒懑扪汶焖钔",
	"meng":   "梦蒙猛盟孟萌朦氓锰懵蟒勐檬蜢虻蠓瞢甍礞艨艋",
	"mi":     "密米秘迷蜜弥泌眯咪觅谜靡糜猕谧醚嘧弭脒幂麋縻汨蘼蘼芈敉宓冖祢糸",
	"mian":   "面免棉眠绵勉缅腼冕娩沔湎眄渑宀",
	"miao":   "描苗妙秒庙渺瞄缪淼藐缈邈鹋眇喵杪",
	"mie":    "灭蔑篾咩乜蠛",
	"min":    "民敏闽皿悯抿泯岷闵苠珉玟黾愍鳘缗",
	"ming":   "明命名鸣铭冥螟茗瞑酩溟暝",
	"miu":    "谬缪",
	"mo":     "么没模末默莫摸脉磨冒膜摩墨漠魔抹沫陌寞摹蓦蟆蘑馍谟茉貉秣殁貘万貊耱麽镆瘼嫫嬷嬷嘿",
	"mou":    "某谋牟眸缪哞鍪蛑侔",
	"mu":     "目母木模莫幕牧亩墓姆慕穆暮姥牡拇睦募沐牟缪苜钼毪坶仫",
	"na":     "那哪拿纳娜呐捺衲钠内南肭镎",
	"nai":    "奶耐乃奈萘氖艿能鼐柰",
	"nan":    "难南男喃楠囡赧囝腩蝻",
	"nang":   "囊囔曩馕攮",
	"nao":    "脑闹恼挠瑙呶孬桡淖铙硇垴蛲猱",
	"ne":     "呢呐讷哪疒",
	"nei":    "那内哪馁",
	"nen":    "嫩恁",
	"neng":   "能",
	"ni":     "你疑尼泥拟逆妮腻倪匿溺霓昵睨怩鲵铌旎呢坭猊伲",
	"nian":   "年念粘碾撵捻辗蔫拈埝黏鲶鲇辇廿",
	"niang":  "娘酿",
	"niao":   "鸟尿溺袅脲茑嬲",
	"nie":    "捏聂涅孽镍蹑蘖镊颞啮嗫摄乜陧臬捻",
	"nin":    "您恁",
	"ning":   "宁凝拧狞咛柠泞佞聍甯",
	"niu":    "牛扭纽钮拗妞忸狃",
	"nong":   "农弄浓脓哝侬",
	"nu":     "努奴怒弩帑孥驽胬",
	"nuan":   "暖",
	"nuo":    "诺娜挪糯懦喏傩搦难锘",
	"nv":     "女衄恧钕",
	"nve":    "虐疟",
	"o":      "哦噢喔",
	"ou":     "偶呕鸥殴耦藕讴禺沤怄瓯区欧",
	"pa":     "怕爬帕扒啪趴琶耙杷葩钯筢",
	"pai":    "派排迫拍牌湃徘俳哌蒎",
	"pan":    "判盘胖潘盼叛攀畔拌蹒泮蟠磐爿袢番襻丬拚",
	"pang":   "旁胖庞乓磅螃彷滂耪逄",
	"pao":    "跑炮泡抛袍刨咆疱狍庖匏脬",
	"pei":    "配培陪佩胚赔沛妃裴呸帔辔霈锫醅旆",
	"pen":    "盆喷湓",
	"peng":   "朋碰棚蓬膨捧篷鹏烹砰澎抨怦硼嘭彭堋蟛苹亨",
	"pi":     "皮批屁披辟疲脾匹劈僻副罢譬啤琵坯癖毗痞枇霹噼裨媲否貔丕吡陂砒邳铍圮睥蜱疋鼙陴埤淠蚍罴甓庀擗郫仳纰",
	"pian":   "片偏篇骗扁翩骈胼蹁便犏谝",
	"piao":   "票飘漂瓢瞟缥剽嫖朴嘌骠殍螵",
	"pie":    "撇瞥苤氕丿",
	"pin":    "品贫频拼聘拚嫔颦姘牝榀",
	"ping":   "平评凭瓶屏苹萍乒坪鲆枰娉俜冯",
	"po":     "破迫婆坡颇泼朴泊魄粕珀鄱钋笸陂叵钷皤繁",
	"pou":    "剖掊裒",
	"pu":     "普铺扑谱朴葡仆浦蒲埔菩瀑圃噗曝匍蹼溥濮璞莆氆攴镤镨堡攵暴",
	"qi":     "起其气期器企七奇汽齐妻启旗弃骑欺漆棋岂凄契歧戚栖泣砌祈蹊乞迄崎祺鳍伎缉岐琦祁琪憩畦沏绮脐亟嘁荠杞麒颀耆啐蛴碛淇葺芪綦欹槭萋讫圻蕲揭萁芑骐亓丌柒汔蜞屺桤枝俟稽",
	"qia":    "恰洽掐卡髂袷咭葜",
	"qian":   "前千钱潜迁浅签纤牵欠遣铅歉谦乾倩嵌虔钳黔谴堑扦阡茜钎掮犍钤佥荨骞愆箝芡芊肷椠岍悭慊褰搴仟缱",
	"qiang":  "强枪墙抢腔羌呛跄锵蔷羟襁戕戗嫱樯蜣炝锖镪疆",
	"qiao":   "巧桥悄瞧敲乔侨翘峭窍俏锹鞘憔跷撬樵荞橇壳雀诮峤鞒硗愀劁缲谯",
	"qie":    "切且窃契怯砌伽茄妾惬趄锲箧挈郄",
	"qin":    "亲侵勤秦琴禽钦沁芹寝擒矜噙覃揿芩嗪衾螓吣锓檎",
	"qing":   "情清亲青轻请倾庆氢晴顷卿蜻擎氰磬罄圊箐苘檠謦黥鲭綮",
	"qiong":  "穷琼穹邛茕跫蛩銎筇",
	"qiu":    "求球秋丘酋囚蚯邱裘鳅巯泅湫虬遒楸逑龟蝤赇糗犰鼽俅仇",
	"qu":     "去区取曲趣趋屈驱渠躯娶岖瞿祛蛐觑衢蛆龋黢癯苣蠼阒蘧蕖磲朐璩氍劬鸲麴诎",
	"quan":   "全权圈泉劝拳券犬醛蜷痊颧铨荃诠筌鬈畎辁悛犭绻",
	"que":    "确却缺雀鹊炔瘸榷阙阕悫",
	"qun":    "群裙逡麇",
	"ran":    "然染燃冉髯苒蚺",
	"rang":   "让壤嚷攘瓤禳穰",
	"rao":    "绕扰饶桡娆荛",
	"re":     "热惹喏若",
	"ren":    "人认任忍仁韧刃妊纫壬饪仞衽荏稔轫亻",
	"reng":   "仍扔",
	"ri":     "日",
	"rong":   "容溶荣融绒熔蓉茸戎榕冗嵘蝾肜狨",
	"rou":    "肉柔揉蹂鞣糅",
	"ru":     "如入乳儒辱汝蠕茹褥濡嚅孺铷缛襦女蓐薷颥溽洳",
	"ruan":   "软阮朊",
	"rui":    "瑞锐蕊兑睿芮蕤蚋枘",
	"run":    "润闰",
	"ruo":    "若弱偌箬",
	"sa":     "萨撒洒仨卅飒脎",
	"sai":    "塞赛腮鳃噻思",
	"san":    "三参散伞叁糁毵馓",
	"sang":   "丧桑嗓搡颡磉",
	"sao":    "扫嫂骚缫搔臊瘙埽鳋梢",
	"se":     "色涩瑟啬塞铯穑槭",
	"sen":    "森",
	"seng":   "僧",
	"sha":    "沙杀啥纱砂傻刹厦杉莎煞鲨霎裟挲嗄痧唼铩歃",
	"shai":   "晒筛",
	"shan":   "山单善闪扇衫陕珊禅杉擅掺栅煽膳删姗汕赡跚掸讪缮舢疝嬗潸鳝鄯苫膻芟骟彡蟮钐",
	"shang":  "上商伤尚赏汤裳晌熵墒垧殇觞绱",
	"shao":   "少烧绍召稍梢哨勺捎邵鞘芍韶筲艄苕劭潲杓",
	"she":    "社设射涉舍摄舌蛇折拾畲奢赦慑麝赊佘猞歙厍滠揲",
	"shen":   "什身神深参甚审伸申沈渗婶肾慎绅呻娠砷蜃莘吲糁诜谌信葚胂渖哂矧谂",
	"sheng":  "生声省胜升盛圣剩乘牲绳笙甥嵊晟眚甸",
	"shi":    "是时实事十使什式世识食市史石始师失视示似适士势试施室释诗氏湿饰驶拾蚀尸逝侍誓矢狮匙柿硕嗜屎噬嘘栅拭峙仕恃虱轼舐耆螫豕谥弑殖蓍泽莳贳埘炻鲥鲺铈酾筮",
	"shou":   "手受收首守授售寿瘦兽狩绶扌艏",
	"shu":    "术数书属树述熟输束殊叔朱舒鼠疏署竖蔬抒枢淑暑薯梳俞蜀庶赎塾墅恕曙倏漱黍腧戍孰澍秫菽纾疋沭摅姝殳毹",
	"shua":   "刷耍唰",
	"shuai":  "率衰摔帅甩蟀",
	"shuan":  "拴栓涮闩",
	"shuang": "双霜爽孀",
	"shui":   "谁水睡税说氵",
	"shun":   "顺瞬舜吮",
	"shuo":   "说烁硕朔数妁蒴铄搠槊",
	"si":     "思四死斯似司丝私饲寺撕祀肆嘶嗣厮俟泗咝巳鸶蛳驷锶汜伺食厶耜兕澌笥姒缌纟",
	"song":   "送松宋颂讼耸诵淞嵩悚凇怂忪菘崧竦",
	"sou":    "搜艘嗽嗖擞飕馊薮螋叟溲瞍嗾锼",
	"su":     "素速苏诉缩俗塑肃宿稣溯粟酥簌夙谡嗉僳愫蔌涑觫",
	"suan":   "算酸蒜狻",
	"sui":    "随虽岁碎遂髓穗隋绥隧邃祟燧睢荽濉谇尿",
	"sun":    "孙损笋荪狲飧榫隼",
	"suo":    "所索缩锁梭嗦琐唆羧唢娑蓑挲些睃睃嗍桫莎",
	"ta":     "他它她塔踏塌榻沓蹋嗒拓獭挞趿遢溻鳎铊闼",
	"tai":    "大太态台抬泰胎苔汰钛酞肽薹骀邰炱跆鲐",
	"tan":    "谈探弹碳坦叹滩炭摊坛贪谭潭痰毯瘫檀坍袒覃忐昙钽澹郯锬",
	"tang":   "堂唐糖躺汤塘倘趟烫膛淌棠搪螳羰傥溏帑醣耥瑭螗铴镗樘",
	"tao":    "讨套逃陶桃萄掏涛淘滔叨韬啕绦洮饕跳鼗",
	"te":     "特忑忒慝铽",
	"teng":   "腾疼藤滕誊",
	"ti":     "体提题替梯踢蹄惕啼剔剃涕屉嚏锑棣倜悌鹈逖醍缇绨弟",
	"tian":   "天田甜填添佃恬腆舔阗钿忝殄畋掭甸",
	"tiao":   "条调跳挑眺迢窕苕佻笤啁粜髫龆蜩祧鲦",
	"tie":    "铁贴帖餮萜",
	"ting":   "听停庭挺厅廷亭艇烃婷蜓汀霆町铤葶莛梃",
	"tong":   "同通统痛童铜筒桶桐佟侗酮捅瞳僮彤潼嗵恸峒茼砼仝",
	"tou":    "头投透偷愉骰亠",
	"tu":     "图土突途徒吐涂兔屠凸秃荼钍菟堍酴",
	"tuan":   "团湍疃抟彖揣",
	"tui":    "推退腿颓蜕褪忒煺弟",
	"tun":    "吞屯豚臀囤褪饨氽暾",
	"tuo":    "脱托拖妥拓驼陀唾椭驮沱砣鸵佗坨跎箨柁柝橐沲鼍庹酡乇",
	"wa":     "瓦挖娃哇蛙凹洼袜佤娲腽",
	"wai":    "外歪崴呙",
	"wan":    "完万晚玩湾弯碗顽挽烷婉皖蔓腕丸宛惋蜿豌绾纨莞剜脘畹菀芄琬箢",
	"wang":   "往王望忘亡网旺汪妄枉惘罔辋辋魍",
	"wei":    "为维围委未微谓卫味唯威危伟尾违伪慰魏喂胃纬畏韦惟苇萎尉蔚巍薇偎帷娓渭桅圩倭痿崴猬诿猥潍煨葳韪帏嵬玮逶炜隈隗洧涠沩囗軎鲔艉闱位",
	"wen":    "文问温闻稳纹吻蚊紊瘟韫雯汶刎璺阌",
	"weng":   "翁嗡瓮蓊蕹",
	"wo":     "我握窝卧沃涡斡蜗喔倭挝龌渥莴幄硪肟",
	"wu":     "物无五务舞武屋误恶午吴伍污乌雾悟吾呜侮唔巫勿梧诬捂晤兀於芜戊毋鹉妩钨邬坞蜈婺鹜忤骛牾庑杌亡芴阢鼯圬浯鋈怃焐寤迕痦仵",
	"xi":     "系西细习息吸喜戏析希席洗稀惜悉袭腊溪媳牺锡嘻夕隙晰栖膝熙昔烯熄禧鳃徙嬉犀蟋奚兮曦蜥汐翕玺唏螅铣淅硒皙熹羲矽檄郗忾僖屣歙樨觋咭葸菥蓰隰鼷舄浠粞裼穸禊饩欷醯舾阋洒蹊",
	"xia":    "下夏吓狭辖霞峡瞎厦虾暇匣唬遐侠黠呷瑕罅狎瘕硖柙",
	"xian":   "现先线显限县鲜险献宪陷仙闲纤腺弦贤嫌掀咸衔羡掺涎娴见酰舷藓馅锨铣冼霰暹籼苋痫氙蚬岘莶燹跹跣祆猃筅鹇洗",
	"xiang":  "想相象向响像项乡降香羊享箱祥详湘橡翔巷厢镶襄饷骧芗飨葙蟓庠鲞缃缃",
	"xiao":   "小消笑效校销削晓肖硝萧孝啸潇俏嚣哮淆宵箫霄筱逍骁姣枭哓蛸崤魈枵绡绡",
	"xie":    "些解写协谢械鞋斜谐胁泄歇邪契携卸屑泻蟹懈挟蝎偕楔勰亵燮鲑撷颉榭邂缬瀣廨躞叶薤渫獬榍绁血",
	"xin":    "心新信欣辛薪锌芯馨鑫衅昕忻莘歆囟忄镡",
	"xing":   "行性形兴型星省幸醒刑姓杏猩腥邢惺悻荥陉擤荇硎饧",
	"xiong":  "雄兄胸凶熊汹匈芎",
	"xiu":    "修秀休袖臭羞绣朽锈嗅溴貅岫咻宿髹庥馐鸺",
	"xu":     "许需须续序虚徐绪叙蓄吁絮婿嘘旭栩墟畜浒戌胥圩恤煦蓿酗顼诩洫盱砉溆勖糈醑休邪",
	"xuan":   "选宣旋悬玄喧轩绚眩炫渲漩暄萱癣煊镟璇县碹泫铉揎楦痃儇谖券",
	"xue":    "学血雪削穴薛靴谑踅噱鳕泶",
	"xun":    "训迅寻循讯巡询旬逊驯勋熏汛殉荀薰峋洵浚鲟徇浔醺窨荨埙巽蕈孙曛恂郇獯",
	"ya":     "压呀亚牙雅芽鸭押崖哑鸦讶丫涯轧衙娅伢蚜桠氩垭碣琊疋迓邪砑睚吖岈揠痖",
	"yan":    "眼研验言严演烟沿盐延颜岩炎燕掩厌艳咽焰铅宴衍殷阎雁淹砚檐焉彦蜒俨奄谚腌堰晏胭嫣阉湮筵兖妍偃唁鼹恹琰赝魇滟酽焱餍郾菸厣埏鄢罨崦剡闫谳讠",
	"yang":   "样养阳洋氧央杨扬羊仰秧痒漾疡佯殃鸯怏鞅恙徉炀泱蛘烊详",
	"yao":    "要药摇腰咬耀遥邀瑶姚窑妖谣钥尧么乐吆肴夭侥舀幺徭珧杳窕窈鹞繇曜爻约轺崾鳐疟",
	"ye":     "也业夜叶液爷野喝页冶耶咽邪拽曳腋椰掖噎晔谒揶射邺靥烨铘",
	"yi":     "一以义意已艺易议咦依益衣异医移遗疑亦宜仪忆伊倚乙亿抑役毅译椅翼姨蚁泄谊疫逸矣溢夷疙绎尾蛾怡胰贻裔彝邑奕翌屹臆颐诣驿熠咿蜴漪沂呓揖弋轶迤懿悒佚羿噫铱弈壹肄翳癔缢刈旖苡怿痍猗诒峄食射荑薏埸圯殪眙嗌黟嶷嶷衤饴钇镱镒挹酏劓舣瘗翊仡佾蛇",
	"yin":    "因音引印银阴隐饮姻吟殷荫淫尹茵寅蚓瘾龈垠胤喑氤窨鄞吲圻狺铟茚霪堙洇廴夤夤湮",
	"ying":   "应影英营映迎硬盈婴鹰颖赢荧蝇莹莺樱瑛萤鹦萦缨膺瀛荥璎嘤媵罂瘿茔楹郢滢颍嬴景蓥潆撄",
	"yo":     "哟唷",
	"yong":   "用永勇拥涌庸泳佣咏雍踊蛹臃俑甬壅鳙恿痈邕喁慵墉镛饔",
	"you":    "有又由优油友游右幼尤犹忧邮幽诱悠铀佑黝柚囿蚴酉釉疣猷莠攸鱿繇鼬蚰牖呦莜莸尢卣蝣宥铕侑",
	"yu":     "于与语育鱼余雨预域玉遇予欲宇愈渔誉郁羽狱御裕愉豫愚喻娱寓浴吁舆尉榆俞禹屿淤逾峪谕於迂虞瘀驭芋隅渝瑜阈毓盂汩熨禺腴揄臾煜钰鹬鬻谀馀聿纡竽伛龉觎圄欤妪邪蓣萸舁雩蜮昱蝓圉嵛庾庾燠窳窬饫狳瘐妤肀俣鹆吾奥粥",
	"yuan":   "原员远元院源愿圆园缘援袁怨冤渊猿宛苑垣媛鸳辕沅爰橼塬鸢圜螈垸瑗鼋芫眢掾",
	"yue":    "月约越跃阅悦曰岳乐粤兑钥栎钺说刖瀹哕樾龠",
	"yun":    "运云允匀韵孕晕蕴芸陨酝韫耘恽纭熨愠氲筠郓郧殒员昀狁",
	"za":     "杂咱扎咋砸咂匝拶",
	"zai":    "在再载灾仔栽宰崽哉甾",
	"zan":    "咱赞暂攒簪瓒錾糌趱昝",
	"zang":   "藏脏葬赃臧奘驵",
	"zao":    "造早遭藻燥糟灶躁枣凿噪皂澡蚤唣",
	"ze":     "则责择泽侧啧仄赜咋昃帻箦迮舴",
	"zei":    "贼",
	"zen":    "怎谮",
	"zeng":   "增综赠憎曾锃甑罾缯",
	"zha":    "扎炸眨渣闸喳榨诈栅札乍楂喋蚱柞铡咤查咋砟哳吒揸齄痄",
	"zhai":   "摘窄债宅寨斋翟砦责择侧祭齐瘵",
	"zhan":   "展战站占粘颤沾崭盏斩毡湛瞻栈辗詹绽蘸谵旃搌",
	"zhang":  "长张章掌丈障涨帐仗胀账杖璋彰樟瘴漳蟑嶂獐幛鄣嫜仉",
	"zhao":   "找照招召赵着兆昭沼诏朝钊肇濯啁棹罩爪嘲笊",
	"zhe":    "这着者折哲遮浙蔗褶辙锗辄蛰蜇赭柘鹧摺螫谪著磔",
	"zhei":   "这",
	"zhen":   "真针阵镇振珍震诊侦贞枕圳砧斟疹臻甄祯桢朕赈帧榛缜箴畛稹填蓁胗溱浈轸鸩椹",
	"zheng":  "正政争整证征丁蒸症郑睁挣怔拯铮筝狰峥诤徵钲",
	"zhi":    "之只制质知指直至志织支值致职止植置纸智执殖枝脂秩肢滞拓汁旨址稚芝吱帜蜘挚掷侄趾治识酯窒峙炙桎栉雉祗芷咫痣栀氏胝跖踯鸷蛭枳帙痔徵贽陟骘陟膣豸埴郅踬轾轵忮黹祉觯卮摭絷夂彘",
	"zhong":  "中种重众终钟忠肿仲衷踵盅冢锺忪螽舯蚣",
	"zhou":   "周州洲宙轴骤皱昼舟咒粥肘帚绉胄纣诌妯繇啁调荮碡酎籀",
	"zhu":    "主住注助逐著宁筑诸珠猪竹朱柱祝驻株贮嘱煮铸烛蛛瞩竺蛀拄伫褚诛侏澍潴箸渚炷躅铢瘃苎术属茱翥洙麈橥杼槠邾舳疰丶",
	"zhua":   "抓爪挝",
	"zhuai":  "拽转",
	"zhuan":  "转专砖赚撰篆传颛馔啭",
	"zhuang": "状装庄壮撞桩妆幢僮奘戆",
	"zhui":   "追缀椎坠锥赘惴骓隹缒揣",
	"zhun":   "准谆淳屯肫窀",
	"zhuo":   "捉桌著卓着浊灼啄琢拙酌镯茁斫濯淖涿棹擢焯浞禚倬诼缴",
	"zi":     "自子资字紫仔姿滋兹姊籽咨孜渍梓髭恣滓谘淄呲孳鲻龇辎甾眦秭赀吱齐茈趑耔觜訾嵫锱笫粢缁",
	"zong":   "总宗综纵踪棕粽鬃偬从腙",
	"zou":    "走奏邹揍陬鄹驺鲰诹",
	"zu":     "组族足祖阻租卒诅镞俎菹",
	"zuan":   "钻攥纂躜缵",
	"zui":    "最嘴罪醉咀蕞",
	"zun":    "尊遵樽鳟撙",
	"zuo":    "作做坐左座昨佐琢撮柞唑祚阼胙嘬怍酢笮",
}
